variant,n_sequences,sequence
other,7471,
A/Zacapa/FLU-012/2025|EPI_ISL_19726450,2849,DTLCIGYHANNSTDTVDTVLEKNVTVTHSVNLLEDKHNGKLCKLRGVAPLHLGQCNIAGWILGNPECESLSTARSWSYIVETPNSDNGTCYPGDFINYEELREQLSSVSSFERFEIFPKASSWPNHDSDNGVTAACPHAGAKSFYKNLIWLVKKGKSYPKINQTYINDQGKEVLVLWGIHHPPTITDQESLYQNADAYVFVGTSRYSKKFKPEIATRPKVRDQAGRMNYYWTLVEPGDKITFEATGNLVAPRYAFTMEKDAGSGIIISDTPVHDCNTTCQTPEGAINTSLPFQNVHPITIGKCPKYVRST
A/Utah/39/2025|EPI_ISL_19843635,1880,DTLCIGYHANNSTDTVDTVLEKNVTVTHSVNLLEDKHNGKLCKLRGVAPLHLGQCNIAGWILGNPECESLSTARSWSYIVETSNSDNGTCYPGDFINYEELREQLSSVSSFERFEIFPKASSWPNHDSDNGVTAACSHAGARSFYKNLIWLVKKGKSYPKINQTYINDKGKEVLVLWGIHHPPTITDQESLYQNADAYVFVGTSRYSKKFKPEIAARPKVRDQAGRMNYYWTLVEPGDKITFEATGNLVAPRYAFTMEKEAGSGIIISDTPVHDCNATCQTPEGAINTSLPFQNVHPITIGKCPKYVRST
A/Saint-Petersburg/RII-04/2025|EPI_ISL_19812542,1520,DTLCIGYHANNSTDTVDTVLEKNVTVTHSVNLLEDKHNGKLCKLRGVAPLHLGQCNIAGWILGNPECESLSTARSWSYIVETSNSDNGTCYPGDFINYEELREQLSSVSSFERFEIFPKASSWPNHDSDNGVTAACPHAGAKSFYKNLIWLVKKGKSYPKINQTYINDQGKEVLVLWGIHHPPTITDQESLYQNADAYVFVGTSRYSKKFKPEIATRPKVRDQAGRMNYYWTLVEPGDKITFEATGNLVAPRYAFTMEKDAGSGIIISDTPVHDCNTTCQTPEGAINTSLPFQNVHPITIGKCPKYVRST
A/Qatar/83328/2024|EPI_ISL_19686976,1494,DTLCIGYHANNSTDTVDTVLEKNVTVTHSVNLLEDKHNGKLCKLRGVAPLHLGQCNIAGWILGNPECESLSTARSWSYIVETPNSDNGTCYPGDFINYEELREQLSSVSSFERFEIFPKASSWPNHDSDNGVTAACPHAGAKSFYKNLIWLVKKGKSYPKINQTYVNDQGKEVLVLWGIHHPPTITDQESLYQNADAYVFVGTSRYSKKFKPEIATRPKVRDQAGRMNYYWTLVEPGDKITFEATGNLVAPRYAFTMEKDAGSGIIISDTPVHDCNTTCQTPEGAINTSLPFQNVHPITIGKCPKYVRST
A/Vermont/10/2025|EPI_ISL_19746072,1123,DTLCIGYHANNSTDTVDTVLEKNVTVTHSVNLLEDKHNGKLCKLKGVAPLHLGQCNIAGWILGNPECESLSTARSWSYIVETSNSDNGTCYPGDFINYEELREQLSSVSSFERFEIFPKTSSWPNHDSDNGVTAACSHAGARSFYKNLIWLVKKGKSYPKINQTYINDKGKEVLVLWGIHHPPTITDQESLYQNADAYVFVGTSRYSKKFKPEIAARPKVRDQAGRMNYYWTLVEPGDKITFEATGNLVAPRYAFTMEKEAGSGIIISDTPVHDCNATCQTPEGAINTSLPFQNVHPITIGKCPKYVRST
A/TOKYO/EIS11-277/2024|EPI_ISL_19778363,755,DTLCIGYHANNSTDTVDTVLEKNVTVTHSVNLLEDKHNGKLCKLRGVAPLHLGQCNIAGWILGNPECESLSTARSWSYIVETSNSDNGTCYPGDFINYEELREQLSSVSSFERFEIFPKASSWPNHDSDNGVTAACSHAGAKSFYKNLIWLVKKGKSYPKINQTYINDQGKEVLVLWGIHHPPTITDQESLYQNADAYVFVGTSRYSKKFKPEIATRPKVRDQAGRMNYYWTLVEPGDKITFEATGNLVAPRYAFTMEKDAGSGIIISDTPVHDCNTTCQTPEGAINTSLPFQNVHPITIGKCPKYVRST
A/Colorado/218/2024|EPI_ISL_19628239,647,DTLCIGYHANNSTDTVDTVLEKNVTVTHSVNLLEDKHNGKLCKLRGVAPLHLGQCNIAGWILGNPECESLSTARSWSYIVETSNSDNGTCYPGDFINYEELREQLSSVSSFEKFEIFPKASSWPNHDSDNGVTAACSHAGARSFYKNLIWLVKKGKSYPKINQTYINDKGKEVLVLWGIHHPPTITDQESLYQNADAYVFVGTSRYSKKFKPEIAARPKVRDQAGRMNYYWTLVEPGDKITFEATGNLVAPRYAFTMEKEAGSGIIISDTPVHDCNATCQTPEGAINTSLPFQNVHPITIGKCPKYVRST
A/Minnesota/131/2024|EPI_ISL_19628249,443,DTLCIGYHANNSTDTVDTVLEKNVTVTHSVNLLEDKHNGKLCKLRGVAPLHLGQCNIAGWILGNPECESLSTARSWSYIVETPNSDNGTCYPGDFINYEELREQLSSVSSFERFEIFPKASSWPNHDSDNGVTAACPHAGAKGFYKNLIWLVKKGKSYPKINQTYVNDQGKEVLVLWGIHHPPTITDQESLYQNADAYVFVGTSRYSKKFKPEIATRPKVRDQAGRMNYYWTLVEPGDKITFEATGNLVAPRYAFTMEKDAGSGIIISDTPVHDCNTTCQTPEGAINTSLPFQNVHPITIGKCPKYVRST
"EPI_ISL_19781617|A/NovaScotia/ET1801CP00018S/2025|Loder,_Allana|2025-01-18",320,DTLCIGYHANNSTDTVDTVLEKNVTVTHSVNLLEDKHNGKLCKLRGVAPLHLGQCNIAGWILGNPECESLSTARSWSYIVETSNSDNGTCYPGDFINYEELREQLSSVSSFERFEIFPKASSWPNHDSDNGVTAACPHAGAKSFYKNLIWLVKKGKSYPKINQTYINDQGKEVLVLWGIHHPPTITDQESLYQNADAYVFVGTSRYSKKFKPEIAPRPKVRDQAGRMNYYWTLVEPGDKITFEATGNLVAPRYAFTMEKDAGSGIIISDTPVHDCNTTCQTPEGAINTSLPFQNVHPITIGKCPKYVRST
A/Oregon/11/2025|EPI_ISL_19726898,150,DTLCIGYHANNSTDTVDTVLEKNVTVTHSVNLLEDKHNGKLCKLRGVAPLHLGQCNIAGWILGNPECEPLSTARSWSYIVETPNSDNGTCYPGDFINYEELREQLSSVSSFERFEIFPKASSWPNHDSDNGVTAACSHAGAKSFYKNLIWLVKKGKSYPKINQTYVNDQGKEVLVLWGIHHPPTITDQESLYQNADAYVFVGTSRYSKKFKPEIATRPKVRDQAGRMNYYWTLVEPGDKITFEATGNLVAPRYAFTMEKDAGSGIIISDTPVHDCNTTCQTPEGAINTSLPFQNVHPITIGKCPKYVRST
A/Ufa/CRIE/47/2024|EPI_ISL_19589431,134,DTLCIGYHANNSTDTVDTVLEKNVTVTHSVNLLENKHNGKLCKLRGVAPLHLGQCNIAGWILGNPECESLSTARSWSYIVETPNSDNGTCYPGDFINYEELREQLSSVSSFERFEIFPKASSWPNHDSDNGVTAACPHAGAKSFYKNLIWLVKKGKSYPKINQTYINDQGKEVLVLWGIHHPPTITDQESLYQNADAYVFVGTSRYSKKFKPEIATRPKVRDQAGRMNYYWTLVEPGDKITFEATGNLVAPRYAFTMEKDAGSGIIISDTPVHDCNTTCQTPEGAINTSLPFQNVHPITIGKCPKYVRST
A/Iowa/123/2024|EPI_ISL_19628244,111,DTLCIGYHANNSTDTVDTVLEKNVTVTHSVNLLEDKHNGKLCKLRGVAPLHLGQCNIAGWILGNPECESLSTARSWSYIVETPNSDNGTCYPGDFINYEELREQLSSVSSFERFEIFPKASSWPNHDSDNGVTAACPHAGAKSFYKNLIWLVKKGKSYPKINQTYINDQGKEVLVLWGIHHPPTITDQESLYQNADAYVFVGTSRYSKKFKPEIATRPKVRDQAGRMNYYWTLVEPGDKITFEATGNLVAPRYAFTMEKDAGSGIIISDTPVHDCNTTCQTPQGAINTSLPFQNVHPITIGKCPKYVRST
A/Vermont/05/2025|EPI_ISL_19726906,109,DTLCIGYHANNSTDTVDTVLEKNVTVTHSVNLLEDKHNGKLCKLRGVAPLHLGQCNIAGWILGNPECESLSTARSWSYIVETSNSDNGTCYPGDFINYEELREQLSSVSSFERFEIFPKTSSWPNHDSDNGVTAACSHAGARSFYKNLIWLIKKGKSYPKINQTYINDKGKEVLVLWGIHHPPTITDQESLYQNADAYVFVGTSRYSKKFKPEIAARPKVRDQAGRMNYYWTLVEPGDKITFEATGNLVAPRYAFTMEKEAGSGIIISDTPVHDCNATCQTPEGAINTSLPFQNVHPITIGKCPKYVKST
A/Pakistan/306/2024|EPI_ISL_19678641,75,DTLCIGYHANNSTDTVDTVLEKNVTVTHSVNLLEDKHNGKLCKLRGVAPLHLGQCNIAGWILGNPECESLSTARSWSYIVETSNSDNGTCYPGDFINYEELREQLSSVSSFERFEIFPKASSWPNHDSDNGVTAACPQAGAKSFYKNLIWLVKKGKSYPKINQTYINDQGKEVLVLWGIHHPPTITDQESLYQNADAYVFVGTSRYSKKFKPEIATRPKVRDQAGRMNYYWTLVEPGDKITFEATGNLVAPRYAFTMEKDAGSGIIISDTPVHDCNTTCQTPEGAINTSLPFQNVHPITIGKCPKYVRST
A/Bangkok/P176/2025|EPI_ISL_19696265,72,DTLCIGYHANNSTDTVDTVLEKNVTVTHSVNLLEDKHNGKLCKLKGVAPLHLGQCNIAGWILGNPECESLSTARSWSYIVETSNSNNGTCYPGDFINYEELREQLSSVSSFERFEIFPKTSSWPNHDSDNGVTAACSHAGARSFYKNLIWLVKKGKMYPKINQTYINDKGKEVLVLWGIHHPPTITDQESLYQNADAYVFVGTSRYSKKFKPEIAARPKVRDQAGRMNYYWTLVEPGDKITFEATGNLVAPRYAFTMEKEAGSGIIISDTPVHDCNATCQTPEGAINTSLPFQNVHPITIGKCPKYVRST
A/Oregon/261/2024|EPI_ISL_19628222,61,DTLCIGYHANNSTDTVDTVLEKNVTVTHSVNLLEDKHDGKLCKLRGVAPLHLGKCNIAGWILGNPECESLSTARSWSYIVETSNSNNGTCYPGDFVNYEELREQLSSVSSFERFEIFPKASSWPDHDSDNGVTAACPHAGAKSFYKNLVWLVKKGKSYPKINQTYINDQGKEVLVLWGIHHPPTITDQESLYQNADAYVFVGTSRYSKKFKPEIATRPKVRDQAGRMNYYWTLVEPGDKITFEATGNLVAPRYAFTMEKDAGSGIIISDTPVHDCNTTCQTPEGAINTSLPFQNVHPITIGKCPKYVRST
A/Illinois/65/2024|EPI_ISL_19628255,54,DTLCIGYHANNSTDTVDTVLEKNVTVTHSVNLLEDKHNGKLCKLRGVAPLHLGQCNIAGWILGNPECESLSTARSWSYIVETPNSDNGTCYPGDFINYEELREQLSSVSSFERFEIFPKASSWPNHDSDNGVTAACPHAGAKSFYKNLIWLVKKGKSYPKVNQTYINDQGKEVLVLWGIHHPPTITDQESLYQNADAYVFVGTSRYSKKFKPEIATRPKVRDQAGRMNYYWTLVEPGDKITFEATGNLVAPRYAFTMEKDAGSGIIISDTPVHDCNTTCQTPEGAINTSLPFQNVHPITIGKCPKYVRST
A/Wisconsin/30/2025|EPI_ISL_19746107,43,DTLCIGYHANNSTDTVDTVLEKNVTVTHSVNLLEDKHNGKLCKLRGVAPLHLGQCNIAGWILGNPECESLSTARSWSYIVETSNSDNGTCYPGDFINYEELREQLSSVSSFERFEIFPKASSWPNHDSDNGVTAACSHAGAKSFYKNLIWLVKKGKSYPKINQTYINDQGKEVLVLWGIHHPPTITDQESLYQNADAYVFVGTSRYSKKFKPEIATRPKVRDQAGRMNYYWTLVEPGDKITFEATGNLVAPRYAFTMEKDAGSGIIISDTQVHDCNTTCQTPEGAINTSLPFQNVHPITIGKCPKYVRST
A/Vladimir/RII-MH223382S/2024|EPI_ISL_19689649,41,DTLCIGYHANNSTDTVDTVLEKNVTVTHSVNLLEDKHNGKLCKLRGVAPLHLGQCNIAGWILGNPECESLSTERSWSYIVETPNSDNGTCYPGDFINYEELREQLSSVSSFERFEIFPKASSWPNHDSDNGVTAACPHAGAKSFYKNLIWLVKKGKSYPKINQTYINDQGKEVLVLWGIHHPPTITDQESLYQNADAYVFVGTSRYSKKFKPEIATRPKVRDQAGRMNYYWTLVEPGDKITFEATGNLVAPRYAFTMEKDAGSGIIISDTPVHDCNTTCQTPEGAINTSLPFQNVHPITIGKCPKYVRST
A/Maryland/64/2024|EPI_ISL_19628458,30,DTLCIGYHANNSTDTVDTVLEKNVTVTHSVNLLEDKHNGKLCKLRGVAPLHLGQCNIAGWILGNPECESLSTARSWSYIVETPNSDNGTCYPGDFINYEELREQLSSVSSFERFEIFPKASSWPNHDSDNGVTAACPHAGTKSFYKNLIWLVKKGKSYPKINQTYINDQGKEVLVLWGIHHPPTITDQESLYQNADAYVFVGTSRYSKKFKPEIATRPKVRDQAGRMNYYWTLVEPGDKITFEATGNLVAPRYAFTMEKDAGSGIIISDTPVHDCNTTCQTPEGAINTSLPFQNVHPITIGKCPKYVRST
A/Nevada/189/2024|EPI_ISL_19587169,29,DTLCIGYHANNSTDTVDTVLEKNVTVTHSVNLLEDKHDGKLCKLRGVAPLHLGQCNIAGWILGNPECESLSTARSWSYIVETSNSDNGTCYPGDFINYEELREQLSSVSSFERFEIFPKASSWPNHDSDNGVTAACPHAGEKSFYKNLIWLVKKGKSYPKINQTYINDQGKEVLVLWGIHHPPTITDQESLYQNADAYVFVGTSRYSKKFKPEIATRPKVRDQAGRMNYYWTLVEPGDKITFEATGNLVAPRYAFTMEKDAGSGIIISDTPVHDCNTTCQTPEGAINTSLPFQNVHPITIGKCPKYVRST
A/Santiago/101713/2024|EPI_ISL_19759462,23,DTLCIGYHANNSTDTVDTVLEKNVTVTHSVNLLEDKHNGKLCKLRGVAPLHLGQCNIAGWILGNPECESLSTARSWSYIVETSNSDNGTCYPGDFINYEELREQLSSVSSFERFEIFPKTSSWPNHDSDNGVTAACSHAGARSFYKNLVWLIKKGKSYPKINQTYINDKGKEVLVLWGIHHPPTITDQESLYQNADAYVFVGTSRYSKKFKPEIAARPKVRDQAGRMNYYWTLVEPGDKITFEATGNLVAPRYAFTMEKEAGSGIIISDTPVHDCNATCQTPEGAINTSLPFQNVHPITIGKCPKYVKST
A/Maldives/2132/2024|EPI_ISL_19726965,20,DTLCIGYHANNSTDTVDTVLEKNVTVTHSVNLLEDKHNGKLCKLRGVAPLHLGQCNIAGWILGNPECESLSTARSWSYIVETPNSDNGTCYPGDFINYEELREQLSSVSSFERFEIFPKTSSWPNHDSDNGVTAACSHAGAKSFYKNLIWLVKKGKSYPKINQTYVNDQGKEVLVLWGIHHPPTITDQESLYQNADAYVFVGTSRYSKKFKPEIATRPKVRDQAGRMNYYWTLVEPGDKITFEATGNLVAPRYAFTMEKDAGSGIIISDTPVHDCNTTCQTPEGAINTSLPFQNVHPITIGKCPKYVRST
"EPI_ISL_19844263|A/Hawaii/ISC-1140/2025|DaSilva,_Juliana|2025-03-27",19,DTLCIGYHANNSTDTVDTVLEKNVTVTHSVNLLEDKHNGKLCKLKGVAPLHLGQCNIAGWILGNPECESLSTARSWSYIVETSNSDNGTCYPGDFINYEELREQLSSVSSFERFEIFPKASSWPNHDSDNGVTAACSHAGARSFYKNLIWLVKKGKSYPKINQTYINDKGKEVLVLWGIHHPPTITDQESLYQNADAYVFVGTSRYSKKFKPEIAARPKVRDQAGRMNYYWTLVEPGDKITFEATGNLVAPRYAFTMEKEAGSGIIISDTPVHDCNATCQTPEGAINTSLPFQNVHPITIGKCPKYVRST
A/Qinghai-Chengzhong/SWL1410/2024|EPI_ISL_19599394,16,DTLCIGYHANNSTDTVDTVLEKNVTVTHSVNLLEDKHNGKLCKLRGVAPLHLGQCNIAGWILGNPECESLSTARSWSYIVETSNSDNGTCYPGDFINYEELREQLSSVSSFERFEIFPKASSWPNHDSDNGVTAACPHAGAKSFYKNLIWLIKKGKSYPKINQTYINDQGKEVLVLWGIHHPPTITDQESLYQNADAYVFVGTSRYSKKFKPEIATRPKVRDQAGRMNYYWTLVEPGDKITFEATGNLVAPRYAFTMEKDAGSGIIISDTPVHDCNTTCQTPEGAINTSLPFQNVHPITIGKCPKYVRST
A/Busan/277/2025|EPI_ISL_19794520,15,DTLCIGYHANNSTDTVDTVLEKNVTVTHSVNLLEDKHNGKLCKLRGVAPLHLGQCNIAGWILGNPECESLSTARSWSYIVETPNSDNGTCYPGDFINYEELREQLSSVSSFERFEIFPKASSWPNHDSDNGVTAACPHAGAKSFYKNLIWLVKKGKLYPKINQTYINDQGKEVLVLWGIHHPPTITDQESLYQNADAYVFVGTSRYSKKFKPEIATRPKVRDQAGRMNYYWTLVEPGDKITFEATGNLVAPRYAFTMEKDAGSGIIISDTPVHDCNTTCQTPEGAINTSLPFQNVHPITIGKCPKYVRST
A/Shanghai-Huangpu/SWL12109/2024|EPI_ISL_19599372,15,DTLCIGYHANNSTDTVDTVLEKNVTVTHSVNLLEDKHNGKLCKLRGVAPLHLGQCNIAGWILGNPECESLSTARSWSYIVETSNSDNGTCYPGDFINYEELREQLSSVSSFERFEIFPKASSWPNHDSDNGVTAACPHAGAKSFYKNLIWLVKKGKSYPKINQTYINDQGKEVLVLWGIHHPPTITDQESLYQNADAYVFVGTSKYSKKFKPEIATRPKVRDQAGRMNYYWTLVEPGDKITFEATGNLVAPRYAFTMEKDAGSGIIISDTPVHDCNTTCQTPEGAINTSLPFQNVHPITIGKCPKYVRST
A/Wisconsin/NIRC-IS-1111/2025|EPI_ISL_19792476,13,DTLCIGYHANNSTDTVDTVLEKNVTVTHSVNLLEDKHNGKLCKLRGVAPLHLGQCNIAGWILGNPECGSLSTARSWSYIVETSNSDNGTCYPGDFINYEELREQLSSVSSFERFEIFPKASSWPNHDSDNGVTAACSHAGAKSFYKNLIWLVKKGKSYPKINQTYINDQGKEVLVLWGIHHPPTITDQESLYQNADAYVFVGTSRYSKKFKPEIATRPKVRDQAGRMNYYWTLVEPGDKITFEATGNLVAPRYAFTMEKDAGSGIIISDTPVHDCNTTCQTPEGAINTSLPFQNVHPITIGKCPKYVRST
A/Tambov/160-1V/2024|EPI_ISL_19737952,11,DTLCIGYHANNSTDTVDTVLEKNVTVTHSVNLLEDKHNGKLCKLRGVAPLHLGQCNIAGWILGNPECESLSTARSWSYIVETPNSDNGTCYPGDFINYEELREQLSSVSSFERFEIFPKASSWPNHDSDNGVTAACPHAGAKSFYKNLIWLVKKGKSYPKINQTYINDKGKEVLVLWGIHHPPTITDQESLYQNADAYVFVGTSRYSKKFKPEIATRPKVRDQAGRMNYYWTLVEPGDKITFEATGNLVAPRYAFTMEKDAGSGIIISDTPVHDCNTTCQTPEGAINTSLPFQNVHPITIGKCPKYVRST
A/Ulsan/492/2025|EPI_ISL_19794466,10,DTLCIGYHANNSTDTVDTVLEKNVTVTHSVNLLEDKHNGKLCKLRGVAPLHLGQCNIAGWILGNPECESLSTARSWSYIVETPNSDNGTCYPGDFINYEELREQLSSVSSFERFEIFPKASSWPNHDSDNGVTAACPHAGAKSFYKNLIWLVKKEKSYPKINQTYINDQGKEVLVLWGIHHPPTITDQESLYQNADAYVFVGTSRYSKKFKPEIATRPKVRDQAGRMNYYWTLVEPGDKITFEATGNLVAPRYAFTMEKDAGSGIIISDTPVHDCNTTCQTPEGAINTSLPFQNVHPITIGKCPKYVRST
A/Ohio/259/2024|EPI_ISL_19539418,10,DTLCIGYHANNSTDTVDTVLEKNVTVTHSVNLLEDKHDGKLCKLRGVAPLHLGKCNIAGWILGNPECESLSTARSWSYIVETSNSNNGTCYPGDFINYEELREQLSSVSSFERFEIFPKASSWPDHDSDNGVTAACPHAGAKSFYKNLVWLIKKGKSYPKINQTYINDQGKEVLVLWGIHHPPTITDQESLYQNADAYVFVGTSRYSKKFKPEIATRPKVRDQAGRMNYYWTLVEPGDKITFEATGNLVAPRYAFTMEKDAGSGIIISDTPVHDCNTTCQTPEGAINTSLPFQNVHPITIGKCPKYVRST
A/Singapore/MOH0547/2024|EPI_ISL_19715004,9,DTLCIGYHANNSTDTVDTVLEKNVTVTHSVNLLEDKHDGKLCKLRGVAPLHLGQCNIAGWILGNPECESLSTARSWSYIVETSNSDNGTCYPGDFINYEELREQLSSVSSFERFEIFPKASSWPNHDSDNGVTAACPHTGEKSFYKNLIWLVKKGKSYPKINQTYINDQGKEVLVLWGIHHPPTITDQESLYQNADAYVFVGTSRYSKKFKPEIATRPKVRDQAGRMNYYWTLVEPGDKITFEATGNLVAPRYAFTMEKDAGSGIIISDTPVHDCNTTCQTPEGAINTSLPFQNVHPITIGKCPKYVRST
A/Victoria/3599/2024|EPI_ISL_19711423,9,DTLCIGYHANNSTDTVDTVLEKNVTVTHSVNLLEDKHNGKLCKLRGVAPLHLGQCNIAGWILGNPECESLSTARSWSYIVETSNSDNGTCYPGDFINYEELREQLSSVSSFERFEIFPKASSWPNHDSDNGVTAACPHSGAKSFYKNLIWLVKKGKSYPKINQTYINDQGKEVLVLWGIHHPPTITDQESLYQNADAYVFVGTSRYSKKFKPEIATRPKVRDQAGRMNYYWTLVEPGDKITFEATGNLVAPRYAFTMEKDAGSGIIISDTPVHDCNTTCQTPEGAINTSLPFQNVHPITIGKCPKYVRST
A/Queensland/IN000684/2024|EPI_ISL_19664762,5,DTLCIGYHANNSTDTVDTVLEKNVTVTHSVNLLEDKHNGKLCKLRGVAPLHLGQCNIAGWILGNPECESLSTARSWSYIVETSNSDNGTCYPGDFINYEELREQLSSVSSFERFEIFPKASSWPNHDSDNGVTAACPHAGAKSFYKNLIWLVKKGKSYPKINQTYINDQGKEVLVLWGIHHPPTITDQEILYQNADAYVFVGTSRYSKKFKPEIATRPKVRDQAGRMNYYWTLVEPGDKITFEATGNLVAPRYAFTMEKDAGSGIIISDTPVHDCNTTCQTPVGAINTSLPFQNVHPITIGKCPKYVRST
A/Massachusetts/ISC-1679/2025|EPI_ISL_19791010,5,DTLCIGYHANNSTDTVDTVLEKNVTVTHSVNLLEDKHNGKLCKLRGVAPLHLGQCNIAGWILGNPECESLSTARSWSYIVETSNSDNGTCYPGDFINYEELREQLSSVSSFERFEIFPKASSWPNHDSDNGVTAACSHAGARSFYKNLIWLVKKGKSYPKINQTYINDKGKEVLVLWGIHHPPTITDQESLYQNADAYVFVGTSRYSKKFKPEIAARPKVRDQAGRMNYYWTLVEPGDKITFEATGNLVAPRYAFTMEKEAGSGIIISDTPVHDCNATCQTPEGAINTSLPFQNIHPITIGKCPKYVRST
A/KANAGAWA/AC2408/2025|EPI_ISL_19778353,3,DTLCIGYHANNSTDTVDTVLEKNVTVTHSVNLLEDKHDGKLCKLRGVAPLHLGQCNIAGWILGNPECESLSTARSWSYIVETSNSDNGTCYPGDFINYEELREQLSSVSSFERFEIFPKASSWPNHDSDNGVTAACSHAGAKSFYKNLIWLVKKEKSYPKINQTYINDQGKEVLVLWGIHHPPTITDQESLYQNADAYVFVGTSKYSKKFKPEIATRPKVRDQAGRMNYYWTLVEPGDKITFEATGNLVAPRYAFTMEKDAGSGIIISDAPVHDCNTTCQTPEGAINTSLPFQNVHPITIGKCPKYVRST
A/Tennessee/04/2025|EPI_ISL_19726682,2,DTLCIGYHANNSTDTVDTVLEKNVTVTHSVNLLEDKHNGKLCKLRGVAPLHLGQCNIAGWILGNPECESLSTARSWSYIVETPNSDNGTCYPGDFINYEELREQLSSVSSFERFEIFPKASSWPNHDSDNGVTAACPHTGAKSFYKNLVWLVKKGKSYPKINQTYVNDQGKEVLVLWGIHHPPTITDQESLYQNADAYVFVGTSRYSKKFKPEIATRPKVRDQAGRMNYYWTLVEPGDKITFEATGNLVAPRYAFTMEKDAGSGIIISDTPVHDCNTTCQTPEGAINTSLPFQNVHPITIGKCPKYVRST
A/Madagascar/00003/2025|EPI_ISL_19704286,1,DTLCIGYHANNSTDTVDTVLEKNVTVTHSVNLLEDKHNGKLCKLKGVAPLHLGQCNIAGWILGNPECESLSTARSWSYIVETSNSDNGTCYPGDFTNYEELREQLSSVSSFERFEIFPKASSWPNHDSDNGVTAACPHAGAKSFYKNLIWLVKKGKSYPKINQTYINDKGKEVLVLWGIHHPPTITDQESLYQNADAYVFVGTSRYSKKFKPEIATRPKVRDQAGRMNYYWTLVEPGDKITFEATGNLVAPRYAFTMEKDAGSGIIISDTPVHDCNTTCQTPEGAINTSLPFQNVHPITIGKCPKYVRST
A/Uganda/UVRI_KIS6850_2024|EPI_ISL_19780477,1,DTLCIGYHANNSTDTVDTVLEKNVTVTHSVNLLEDNHNGKLCKLRGVAPLHLGQCNIAGWILGNPECESLSTARSWSYIVETSNSDNGTCYPGDFINYEELREQLSSVSSFERFEIFPKASSWPNHDSDNGVTAACSHAGAKSFYKNLIWLVKKGKSYPKINQTYINDQGKEVLVLWGIHHPPTITDQESLYQNADAYVFVGTSRYSKKFKPEIATRPKVRDQAGRMNYYWTLVEPGDKITFEATGNLVAPRYAFTMEKDAGSGIIISDTPVHDCNTTCQTPEGAINTSLPFQNVHPITIGKCPKYVRST
