barcode,count
AGTAACACAGAATTCA,72614
GGTCCATCTCAGATCG,25471
AAGAAGCTATAGAAGT,12806
GAATAATAGAACAGAG,10008
ACCCTGCAAATAGAAA,4865
ACCGGAAGTTGCCAAG,2900
TGCCCATGCTGGGGAT,2228
TTGTATCAGTAGCGCC,2206
CTTAGGTATTACATGC,1654
CTAGCAAAGATATACC,1323
AAGTTAAGAGAAAGTC,408
TTGTATAAGTCGCGCC,368
CTCCTAGTGGACGATT,184
CGCACTTTACTAGACA,131
AACAAAATAAAATAGT,125
GAAGTACGCTGAATAA,124
TCTTATTAGGCGGCGT,121
AAGTTAAAAGAAAGTT,114
ACTGTCTAGAAAGTTT,108
CAGATAATATAGAGAC,100
GCTGTCTAGAAATTTT,88
GGTAACACAGAATTCA,81
AAGTTAAGAGAAAGGT,79
ATCATCATATCTAATA,75
TCATGGGTGTACTAGA,75
TCTCAGCTCTTACCCG,72
AAGTTAAGAAAAAGTT,67
ACTTTCTAGAAATTTT,67
GATCTTGTGGAGAGTC,64
AACCTACTAGACGTAA,63
GGCATAGGGATATGTG,60
GAGTTAAGAGAAAGTT,59
AAGTTAAGGGAAAGTT,57
TCTTATTAGGCGGTAT,56
ACTGTATAGAAATTTT,53
AGTAACACAGAAGTCA,52
AATGTCTAGAAATTTT,50
TCTTATTAGGCGACAT,50
TCTTATTAGGAGGCAT,47
AAGTTAAGAGAAACTT,44
AGCATATGGATATGTG,44
TTTCTTGATACTCACA,43
AGAGCGAAAAAGAGGA,42
ACTGTCTATAAATTTT,41
GCCAGCTCGTATCCCC,39
AGCACTTTACGAGACA,38
GAGATCTGCAGAAGCG,38
GGAGCTAAAAAGAGGA,38
AGAATAGGGATATGTG,36
GGCCCATGCTGGGGAT,36
TCTTATTAGGCGTCAT,36
ATCCCATGCTGGGGAT,35
GTTATCATATCTAATA,35
ACTGTCTGGAAATTTT,34
AGACCATGCTGGGGAT,34
CTCAATGTCTTAGGAT,34
AACAGAAGTCCAGGTA,33
ACTGTCCAGAAATTTT,33
GTACAAACCTACAAAT,33
AACCACCGAGTGACTG,32
TCTTATTAGGCGGCCT,32
AAGTTAAGAGAAGGTT,31
TACCATCAGCACCTAG,31
AGTAAAACAGAATTCA,30
CATGGGTTAAGTTGTG,30
GACCACCGAGTGACCG,30
AAAAATCTACGGCGAC,29
ACCGTCTAGAAATTTT,29
ACTGTCTAGAGATTTT,29
AGTGTCTAGAAATTTT,29
CACACTTTACGAGACA,29
CGCACTTTATGAGACA,29
GGGAGTATGAAGAGCG,29
TAAAATCTACGGCGAC,29
TAGGCTCTAGAGCTCT,29
TAGGGGTAGAGATACG,29
TCTTATTGGGCGGCAT,29
ACTGTCTAGAAATGTT,28
CCTTGATGCATTCCCT,28
TCTTATTAGGCGGAAT,28
TCTTATTAGGTGGCAT,28
ATTATAATATCTAATA,27
CCTGGGTTAAGTGGTG,27
CTCACTTTACGAGACA,27
GATCTTGGGGAGAGTT,27
GTACAAACCTGAAAAT,27
GTACAAACCTGTAAAT,27
TAAAAAGCCTCCATTA,27
TAGAACCTCGTTGTCT,27
TGCACTTTACGAGACA,27
AGCCCATGCTGGTGAT,26
AGTAACACATAATTCA,26
CAAAATCTAAGGCGAC,26
CTATATTGCCAGGAAG,26
GAGGGGTAGAGATAAG,26
GATCTTGGGGAGAGTA,26
AAGTTAATAGAAAGTT,25
ACGTATGATTTTAGAG,25
ACGTATGATTTTCTAG,25
ACTGTCTAGAAATTCT,25
CAAAATCTATGGCGAC,25
CGCACTTTACGAGAAA,25
GTAAAAACCTGCAAAT,25
AAGTTGAGAGAAAGTT,24
ACAAGATTCGGTGGAC,24
CGCACTTTAAGAGACA,24
CTATATTGCCCTGAAG,24
GTCAATGTCGTAGGAT,24
TGGACCCTAGATGGTA,24
TTAAGAATTTGATTCC,24
ATCATAGGGATATGTG,23
CAAAATCTACGGCGAT,23
TCTTATTAGTCGGCAT,23
ACGTGTCTCCTAGCAA,22
ACTGCCTAGAAATTTT,22
ACTGGGTTAAGTTGTG,22
AGAGCTAAAAGGAGGA,22
CGAACTTTACGAGACA,22
CTTAGGTATTATATTC,22
GACAGAAGTCCATGTA,22
GATATTGGGGAGAGTC,22
GATCTTGGGGAGAGCC,22
TCTGTCTAGAAATTTT,22
TTACGAATTTGATTCA,22
AACCACCGAGTGACAG,21
AAGTTAAGAGAGAGTT,21
AAGTTAAGATAAAGTT,21
AATTTAAGAGAAAGTT,21
ACTATCTAGAAATTTT,21
AGTAACACAGAGTTCA,21
CAGAACCTCGTTGTCC,21
GAAAAATTTATGACAA,21
GTACAAACATGCAAAT,21
TAAAAATCCTCCATGA,21
TCTTATTATGCGGCAT,21
AGAGATAAAAAGAGGA,20
AGCATGGGGATATGTG,20
ATACAAACCTGCAAAT,20
CAAAATCTACGGCGCC,20
CAGGACCTCGTTGTCT,20
GCCAGCTCGTATCCCA,20
GGGGGGTAGAGATACG,20
TCTGGGTTAAGTTGTG,20
TGTAACACAGAATTCA,20
AACTTCCCTGACTGCC,19
AAGTTAAGAGAAAGCT,19
ACTGTCGAGAAATTTT,19
AGCCCATGCTGTGGAT,19
AGGAGTATGAAGAGAG,19
AGTAACACAGAATTCG,19
AGTAGTTTAGATAGTT,19
ATTAACACAGAATTCA,19
ATTATCATATATAATA,19
CAAAATCTACGTCGAC,19
CAGGCTCTAGAGCTCC,19
CCTGGGTTAAGTTGTA,19
AAATTAAGAGAAAGTT,18
AACAGAATTCCATGTA,18
AAGTTAAGAGAAAGTG,18
AGCATAGGGATAGGTG,18
AGGAGTATGAAGAGTG,18
CAAAATCTACGGCGAA,18
CAAAATCTACGGCTAC,18
CGCAATTTACGAGACA,18
CGGGCTCTAGAGCTCT,18
GAGGGGTGGAGATACG,18
GCAAGCTCGTATCCCT,18
GCCAGCTCTTATCCCT,18
TACCAATGTCATTTTA,18
TCTTATTAGGCGGCAC,18
TCTTATTAGGCTGCAT,18
AAAAAATTTATGAAAA,17
AACCCTGCAAGCCACT,17
AACTTCCCTGACTACT,17
AAGAACCTCGTTGTCT,17
AAGTTAAGAGAAATTT,17
AAGTTAGGAGAAAGTT,17
ACAAGATTAGGGGGAC,17
ACCAGCTCGTATCCCT,17
AGCATAGGGATATGTA,17
ATTACGAATGGGGTAG,17
ATTAGAGCTACGTGAG,17
ATTAGGTATTATATGC,17
GCGTGTCTCCGAGCAA,17
TATTATTAGGCGGCAT,17
TCTTGATGCATTCCCG,17
AAAAGAAGTCCATGTA,16
AACTTCCCTTACTGCT,16
AAGTATGATTTTCGAG,16
ACGTATGATTTTCGGG,16
ACTCTCTAGAAATTTT,16
ACTGTCTAGAAATTGT,16
ACTGTCTAGAAATTTC,16
AGATCTAAAAAGAGGA,16
AGCCAATGCTGGGGAT,16
AGCCCATTCTGGGGAT,16
AGTAACACAGAATCCA,16
AGTCCATGCTGGGGAT,16
ATTAGATTATAACTTA,16
CAAAATCTACGGAGAC,16
CTATATTGCCCGTAAG,16
CTGAGCTACCAATAAG,16
CTTAGGTATTATATGT,16
GAGGGGTAGAGATATG,16
GCCAGCTCGTATCACT,16
GTCAAGTTAAGGATGG,16
TATCCAATGGACGGAC,16
TTACGAATTTTATTCC,16
TTATCTGTAGAGAGCT,16
AACCACCCCATAGATG,15
AAGAAGACTTTGCGAT,15
AAGCGGTGATGTGAGT,15
ACAAGATTCGGGGGAT,15
ACAAGATTTGGGGGAC,15
ACTGTCTAGGAATTTT,15
AGCATAGGGATGTGTG,15
AGCCCATGCTGGGGCT,15
AGTAACACAGAATTAA,15
AGTAACACGGAATTCA,15
ATTATCATATCTAACA,15
ATTATCATATCTAATG,15
CCCTGCGGGGCTCGGG,15
CTCAATGTCGTAGGCT,15
GAGGGGTAGAGATACT,15
GATCTTGGGGGGAGTC,15
GATCTTGGTGAGAGTC,15
GCCAGCTCATATCCCT,15
TAGCATTGTAGGAAAG,15
TGTCCATCTCAGATCG,15
TGTGGGGCGCCCTTAC,15
TTACAAACCTGCAAAT,15
TTATATGTAGAGCGCT,15
TTTATATCAAACACCA,15
AACAGAGGTCCATGTA,14
AACCACAGAGTGACCG,14
AACCATCAGCACCTAG,14
AACTTCCCTGACTGTT,14
AAGGTAAGAGAAAGTT,14
AAGTTAAGAGGAAGTT,14
ACCGAATTAATCATCC,14
ACGTGTCTCCGATCAA,14
ACGTGTGATTTTCGAG,14
ACTTATTAGGCGGCAT,14
AGCACATGCTGGGGAT,14
AGCCCATGCTTGGGAT,14
AGGTTAAGAGAAAGTT,14
AGTAACAAAGAATTCA,14
ATTATCATATCTAGTA,14
CAGGCTCTAGATCTCT,14
CCTTGATGCATTCCCA,14
CGAAATCTACGGCGAC,14
CTAGCACAGCGTAGAC,14
CTATATTTCCCGGAAG,14
CTATTTAACAGAAGTA,14
CTCAATGTCGTGGGAT,14
CTGAACCTCGTTGTCT,14
GAAAACAGTGTAGTTG,14
GATCGCTGGCACCCGT,14
GCGTATGATTTTCGAG,14
GCTACGAGGCTACGTA,14
GTACAAACCTTCAAAT,14
GTCAGCTCGTATCCCT,14
TCCAGCTCGTATCCCT,14
TCTTATTAGGCAGCAT,14
TTGATCCTGAGTAGTA,14
TTGCTCCTTAGTAGTA,14
AACAGAAGTACATGTA,13
AACAGAAGTCAATGTA,13
AACCACCAAGTGACCG,13
AACCACCGAGTGACCA,13
AACCACCTAGTGACCG,13
AAGTCAAGAGAAAGTT,13
AAGTGTCTCCGAGCAA,13
ACAAGATTCGGGGGGC,13
ACCGAATGAATAATCC,13
ACGTATGATTTTCGCG,13
AGCCCATACTGGGGAT,13
AGCCCATGCTGGGTAT,13
ATTCCGAATGGGGTCG,13
CAATTAGAAATAAATA,13
CACCATCATCACCTAG,13
CAGTCTCTAGAGCTCT,13
CCCAATGTCGTAGGAT,13
CCTTGATTCATTCCCG,13
CGTACTTTACGAGACA,13
CTAGCACAGCGTAGGA,13
CTAGCACAGCGTAGTC,13
CTATTTAACAGACGTG,13
GAATTAGAAATACATA,13
GATCTTGGGGAGATTC,13
GCCATCTCGTATCCCT,13
GGCTGAATTAAGTATG,13
GTCAAGTTACTGATGG,13
GTGAGAGAGAAAAGCA,13
GTGCAAACCTGCAAAT,13
TAAAAAGCCCCCATGA,13
TGTGGAGCTCCCTTAC,13
TTACGAATTTGAGTCC,13
TTACGAATTTGATTAC,13
TTATCTTTAGAGCGCT,13
TTGCAAAAAGTTTTGG,13
TTGCTCCTGATTAGTA,13
TTGTACCTGCAGTTGA,13
TTTCACATAACCTATC,13
AAAAAATTTATGGCAA,12
AAAAAATTTGTGACAA,12
AACCACCGAGTGACCT,12
AACCCATGCTGGGGAT,12
AACTTCCTTGACTGCT,12
ACAAACAGTGTAGTTG,12
ACCGAGTGAATCATCC,12
ACGTGTCTCCGAGAAA,12
ACTGTCTAGAAACTTT,12
ACTTGTCTCCGAGCAA,12
AGCATAGGGATATGTT,12
AGGAGTATGGAGAGCG,12
AGGGGACAAGATTGTA,12
ATTAGATTATAAAGTA,12
ATTATCATATCTAAGA,12
CCTGTGTTAAGTTGTG,12
CGCATAGGGATATGTG,12
CTATATTGTCCGGAAG,12
CTATTTAACAGGCGTA,12
CTTAGCTGCCAATAAG,12
GAAGGGATGGGCACGT,12
GACGACAAACAGTAAG,12
GAGGGGTAGGGATACG,12
GAGGGTTAGAGATACG,12
GCAAACAGTGTATTTG,12
GCACAAACCTGCAAAT,12
GGTCCATCTCAGATAG,12
GTAAAGTTACGGATGG,12
TAAAAAGACTCCATGA,12
TACCCTGTAAGCCACT,12
TGATCTGTGACATTGT,12
TGTGGAGCGCCCTTCC,12
TGTGGATCGCCCTTAC,12
TTACGAATTTGATTTC,12
TTATCTTTTACATTTA,12
TTGCTCCTGAGTAGTT,12
TTGTATCAGTCTCGCC,12
TTTCACAGAACCTATA,12
AAAATGCTGCATTAGG,11
AAATTCCCTGACTGCT,11
AACAGAAGTCCATGCA,11
ACGTATTATTTTCGAG,11
ACGTGTCTCCGAGTAA,11
ACTACTAGGCTACGTA,11
ACTGTCTAGAAATCTT,11
AGAGCTAAAAAGATGA,11
AGCATAGGTATATGTG,11
AGCCCATGATGGGGAT,11
AGCGTAGGGATATGTG,11
AGGACCCTAGATGGTA,11
AGTAACGCAGAATTCA,11
AGTCCATCTCAGATCG,11
ATATATTGCCCGGAAG,11
ATATTTAACAGACGTA,11
ATTAGATTGTAACGTA,11
ATTATATTATAACGTA,11
ATTATCATCTCTAATA,11
ATTCAGAATGGGGTAG,11
ATTGTCATATCTAATA,11
CAAAAAGCCTCCATGA,11
CAATTGGAAATACATA,11
CAATTTAACAGACGTA,11
CAGAAACTCGTTGTCT,11
CAGAACCTCGTTGTCA,11
CAGGATCTAGAGCTCT,11
CGCACTTCACGAGACA,11
CGTTCAGCGATAATGG,11
CTAGCACATCGTAGGC,11
CTATATTGACCGGAAG,11
CTGAGGGATTAAACTC,11
CTTAGGTATTATGTGC,11
GAAGCTCTTTTCGTTC,11
GACTTCCCTGACTGCT,11
GAGAGCTACAGAAGCG,11
GAGGGGTAGAGAGACG,11
GCAAACATTGTAGTTG,11
GCAACGATGTGTAACC,11
GCAACGGGGTGTAACC,11
GGTCCATCTCAGGTCG,11
GGTCCATCTCATATCG,11
GTCAAGTTACGGGTGG,11
GTTAGATTATAACGTA,11
TACCAATTTCATTTGA,11
TACCATGCAAGCCACT,11
TACCCTGAAAGCCACT,11
TACCCTGCAAGACACT,11
TACCCTGCAAGCAACT,11
TACCCTGCAAGCCACC,11
TGCCCTGCAAGCCACT,11
TGTGGAGCGCCCCTAC,11
TTACATAGATGTAATC,11
TTTATATCCAACACCG,11
TTTCACGGAACCTATC,11
AAAAAATTTAGGACAA,10
AAAAAATTTATGAGAA,10
AAAAAATTTATTACAA,10
AAACACCGAGTGACCG,10
AACAACCGAGTGACCG,10
AACAGAAGTCCATTTA,10
AACATAGGGATATGTG,10
AACCAACGAGTGACCG,10
AACCACCGAGGGACCG,10
AACCACCGAGTTACCG,10
AACCACTGAGTGACCG,10
AACGACAAACAGGAAG,10
AACTTCCGTCTCCTGA,10
AAGAGGTGATGTGATT,10
AATCGCTGGCACCCAT,10
AATGAAACAATCGACC,10
ACGTGTCTACGAGCAA,10
ACGTGTCTCCGAGCAT,10
ACTGTCTAGAAATTTA,10
ACTGTCTAGAAGTTTT,10
ACTGTCTAGAATTTTT,10
ACTTATGATTTTCGAG,10
AGCAACACAGAATTCA,10
AGCATAGGGGTATGTG,10
AGCCCATGCTGGGGAC,10
AGTGTTGGTTTGGTTA,10
ATGAGCTGCCAATAAG,10
ATTAGATTATAACGTT,10
ATTATCATATCCAATA,10
ATTCCGAATGTGGTAG,10
CAAAATCTACGGCGTC,10
CAAAATCTACTGCGAC,10
CAATCAGAAATACATA,10
CAGAACCTAGTTGTCT,10
CAGAACCTCGTTTTCT,10
CCATATTGCCCGGAAG,10
CCCTTTACGTATCTCT,10
CCTTATTAGGCGGCAT,10
CCTTGGTGCATTCCCG,10
CCTTGGTTAAGTTGTG,10
CGCACTTTACGATACA,10
CGGACCCTAGATGGTT,10
CGTAACACAGAATTCA,10
CGTACAGTGTAATCTA,10
CTTTACCTGCAGTTGA,10
GACAGCTCGTATCCCT,10
GAGGGGGAGAGATACG,10
GATCTTGGGGAGAGGC,10
GATCTTTGGGAGAGTC,10
GCAAAAAGTGTAGTTG,10
GCCAGCTCGTATCTCT,10
GGTACATCTCAGATCG,10
GGTCCATCTCAGATTG,10
GGTCCATCTCGGATCG,10
GTAAGCAAAGTTGAAC,10
GTACAAACCCGCAAAT,10
GTACAAACCTGCAACT,10
GTGAGCGAGAAAAGAA,10
GTGGGGTAGAGATACG,10
TAAAAAGCATCCATGA,10
TAAAAAGCCTACATGA,10
TATTACTAACTAGCGA,10
TCCAGCGCAGTAAGAG,10
TCCTTTGCGCGCAGTC,10
TCTTACTAGGCGGCAT,10
TGAGCTAAAAAGAGGA,10
TGGGGACAAGATTGTA,10
TGTGGAGCGCCATTAC,10
TTCTGTCCAGACTCTT,10
TTGAAATTGAAACATA,10
TTGACTCACAGAATAA,10
AAATTAGAAATACATA,9
AAGAAGACTTTTTGAT,9
AATGAAACAATAGAAC,9
ACAGAATGAATCATCC,9
ACCTAATGAATCATCC,9
ACGTGTCTCAGAGCAA,9
ACTATCATATCTAATA,9
ACTGTCTCTAAATTTT,9
AGAAAACATTACAAAT,9
AGAAAATCTCGGATAC,9
AGAGCTAAAGAGAGGA,9
AGCATAGGGATATGGG,9
AGCCCATGCCGGGGAT,9
AGCCCATGCGGGGGAT,9
AGGGAACATACATAAC,9
AGTAACACAGAATGCA,9
AGTCGTTTAGATAGTC,9
AGTGTTGTCTTGGTTA,9
ATGTACCTGCAGTTGA,9
ATTAGATTAGAACGTA,9
ATTATATCCAACACCA,9
CAAAATATACGGCGAC,9
CAATTAGAAATACGTA,9
CACCATAAGCACCTAG,9
CAGAACCTCTTTGTCT,9
CAGGCTCTAGAGCTAT,9
CAGGCTCTATAGCTCT,9
CCTGGGTGAAGTTGTG,9
CCTGGGTTAAGTTGTT,9
CGGGGAAAAGATTGTA,9
CGGGGACAAGATGGTA,9
CTAGCACAGAGTAGGC,9
CTAGCACAGCGTAGGT,9
CTATTTAACAGACGTT,9
CTATTTAACGGACGTA,9
CTCAATGTCGTAGTAT,9
CTGTACCCGCAGTTGA,9
CTGTACCTGCAGTTTA,9
CTGTACCTGCATTTGA,9
GAAACGAGGTGTAACC,9
GACGGGATGGGAACGT,9
GAGAGCTGCAGAAGTG,9
GAGGGGTAGAGATACA,9
GCCGAATGAATCATCC,9
GCCTTTGCGAGCAGTC,9
GCCTTTGCTCGCAGTC,9
GGGCCCGTAAGGACTA,9
GGTGTTGGCTTGGTTA,9
GTACAAACCTGCGAAT,9
GTCAAGTTATGGATGG,9
TAAAAAGTCTCCATGA,9
TAACGAATTTGATTCC,9
TACACTGCAAGCCACT,9
TAGCAGTGTCGGAAAG,9
TAGCATTGTCGGAAGG,9
TAGCATTGTCGGGAAG,9
TGATCTTTGACATTGC,9
TGTGGAGTGCCCTTAC,9
TTTATATACAACACCA,9
TTTCACAGAACCCATC,9
AAAAAAGTTATGACAA,8
AAAAAATTTACGACAA,8
AAAGGCGCGCCTCCAA,8
AACAGAAGTCCACGTA,8
AACAGAAGTCCATGTT,8
AACAGAAGTCCGTGTA,8
AACGAAAAACAGTAAG,8
AACTTCCCTGACTGAT,8
AAGTTAAGAGAAAGTA,8
AATAACACAGAATTCA,8
AATGAAAAAATCGAAC,8
ACAGTTGTACACACCA,8
ACCGAAGGAATCATCC,8
ACGCATGATTTTCGAG,8
ACGCGTCTCCGAGCAA,8
ACGTATGATTTTCGAT,8
ACGTGTCTCCGAACAA,8
ACGTGTCTCTGAGCAA,8
ACTACGAGGCTACTTA,8
ACTGTTTAGAAATTTT,8
AGAAAATCTCAGATAA,8
AGAAAATCTCAGATCC,8
AGAGCTAAAAAGAGGG,8
AGCATAGGGATATGCG,8
AGCATAGTGATATGTG,8
AGCATCGGGATATGTG,8
AGCCACCGAGTGACCG,8
AGGAGTATGAAGATCG,8
AGGGGTATGAAGAGCG,8
AGTAACATAGAATTCA,8
AGTCGTTTATATAGTT,8
AGTGGAGCGCCCTTAC,8
AGTGTCGAATAGGCGA,8
ATAGCTAAAAAGAGGA,8
ATTAGATTATAGCGTA,8
ATTAGGGCTACGGGAG,8
ATTCCGAATGGGATAG,8
ATTCCGAATGGGGTAT,8
ATTCCGAATGGGTTAG,8
ATTCTGAATGGGGTAG,8
ATTGGATTATAACGTA,8
CAATTAGAAATACACA,8
CACCATCAGCACCGAG,8
CAGAACCTCGTTGTAT,8
CAGGCTATAGAGCTCT,8
CAGGCTCTAGAGATCT,8
CAGGCTCTAGAGCTCA,8
CAGGCTCTGGAGCTCT,8
CATAACCTCGTTGTCT,8
CATGCTCTAGAGCTCT,8
CATGGGAATTGTCACT,8
CCCCTCCTCGAAAGTT,8
CCTGGTTTAAGTTGTG,8
CCTTGATGCATTCCCC,8
CCTTGATGTATTCCCG,8
CGAAAACATGACAAAT,8
CGAAAACATTACAACT,8
CGCACTCTACGAGACA,8
CGCACTTGACGAGACA,8
CGCACTTTACGAGACC,8
CGGAACCTAGATGGTA,8
CGTTCAGCGATAACTG,8
CTAGAACAGCGTAGGC,8
CTAGCACAGCTTAGGC,8
CTCAATGTCATAGGAT,8
GAATAATAGAAAAGAG,8
GAATAATGGAACAGAG,8
GACCTTGGGGAGAGTC,8
GACTAAAGGATCATGA,8
GAGAGCTGAAGAAGCG,8
GAGAGCTGCAGAAGAG,8
GAGAGCTGCAGAAGCA,8
GAGGGGTAGAGATGCG,8
GATGGGTAGAGATACG,8
GCAAACAGTTTAGTTG,8
GCAACTAGGTGTAACC,8
GCCAGCTCGTATCCAT,8
GCCTTTGTGCGCAGTC,8
GCCTTTTCGCGCAGTC,8
GGCCCATCTCAGATCG,8
GGTCCATCTCAGATCA,8
GGTGTTGAATAGGCGA,8
GTAAACAGTGTAGTTG,8
GTACAAAACTGCAAAT,8
GTCAAGTTACGGATTG,8
TAAAAAGCCTCCATGG,8
TACTGATAACCCCGCG,8
TAGAAAGCCTCCATGA,8
TAGCATTGTTGGAAAG,8
TCGTCTCACTACTGCT,8
TCTTATTAGGCGGCAA,8
TGAGTTCATAGCTCCG,8
TGTGGAGCGACCTTAC,8
TTACAAAAAGTTTTAG,8
TTACAATTGAAACATA,8
TTAGCACAGCGTAGGC,8
TTATCTGTAGAGCTCT,8
TTCAAGTTACGGATGG,8
TTGACTCACCTAATAA,8
TTGGGGAACGGGAAGT,8
TTTATATCCAAAACCA,8
TTTATATCCAACACCT,8
TTTCACAGAACCGATC,8
TTTCAGCGTTATTTTG,8
TTTCTCCTGAGTAGTA,8
AAACCCATAAGACCCA,7
AACAGCAATGAGTTGT,7
AACGACAAAAAGTAAG,7
AAGCTAAGAGAAAGTT,7
AAGGCTCTAGAGCTCT,7
AATCGTTTAGATAGTT,7
AATCTTGGGGAGAGTC,7
ACAAGATTCGGGGGAA,7
ACATTTTCCAGTAGGT,7
ACGTGTCTCCGAGCAG,7
ACTAACACAGAATTCA,7
ACTACGGGGCTACGTA,7
ACTGTCAAGAAATTTT,7
AGCACAGGGATATGTG,7
AGCCCATGTTGGGGAT,7
AGTACTTGCGCTTCAA,7
AGTATTTGTGCTTCAA,7
AGTGTTGGCTTGGGTA,7
AGTTTTTGGTTCGAGG,7
ATTATCATACCTAATA,7
ATTATCATATCTGATA,7
ATTATCATGTCTAATA,7
ATTCCAAATGGGGTAG,7
ATTCCGAATGGGGTGG,7
ATTCCGAATTGGGTAG,7
ATTCCGAGTGGGGTAG,7
ATTCCTAATGGGGTAG,7
ATTGTCTAGAAATTTT,7
CAAAAACATTACAAAT,7
CAAAATCTACAGCGAC,7
CAAAATCTACGGCAAC,7
CAATTAGAGATACATA,7
CACCATCAGCACATAG,7
CAGGCTCCAGAGCTCT,7
CAGGCTCTAGACCTCT,7
CATGGGAATTTCCACT,7
CCAACACAAAAAAGTA,7
CCTGGGTTAAGTTGCG,7
CCTTGATACATTCCCG,7
CCTTGATGCATTCCAG,7
CGAACCACAGACACGT,7
CGCACTTTACAAGACA,7
CGGACACTAGATGGTA,7
CGGACCCTAGATGGTG,7
CGGACCCTAGATGTTA,7
CGGACCCTATATGGTA,7
CGGCCAGGGAATCAAG,7
CGTTAAGCGATAACGG,7
CGTTCAGCGATAGCGG,7
CGTTCATCGATAACGG,7
CTAAATGTCGTAGGAT,7
CTATTTAGCAGACGTA,7
CTCAATGTCGTATGAT,7
CTGACCCTAGATGGTA,7
CTGAGCTGCCAAGAAG,7
CTGAGCTTCCAATAAG,7
CTGTACCTACAGTTGA,7
CTTAATGTCGTAGGAT,7
CTTAGGTATTATATGA,7
GAGAGATGCAGAAGCG,7
GAGAGCTGTAGAAGCG,7
GATACAGAGTTTGTTG,7
GCCAGCTAGTATCCCT,7
GCCAGCTCGTACCCCT,7
GCCAGCTCGTATACCT,7
GCCATTTACTGAATGG,7
GCCTTTGAGCGCAGTC,7
GCTGGGTTAAGTTGTG,7
GGGAGCTGCAGAAGCG,7
GGTCAATCTCAGATCG,7
GGTCCATCTCAGATCT,7
GGTCTTGGGGAGAGTC,7
GTAAGATTCATGGAGT,7
GTAAGCAAAGGTGACC,7
GTAGGCAAAGTTGACC,7
GTCAAGTTGCGGATGG,7
GTTGCTCCGACACACC,7
TAAAAAGCCTCAATGA,7
TAAAAAGCCTCCGTGA,7
TAACATTGTCGGAAAG,7
TAAGAAGCCTCCATGA,7
TACCAATGTAATTTGA,7
TACCACCGAGTGACCG,7
TACCCGGCAAGCCACT,7
TACCCTGCAAACCACT,7
TACTGATAACCCTTCG,7
TAGATTACTAGCCGGA,7
TATCATTGTCGGAAAG,7
TCAACACAAAAAATTA,7
TCGATTACTAACCGGA,7
TCGATTACTAGCCGGG,7
TCGATTACTAGCCGTA,7
TCTATTACTAGCCGGA,7
TGAGTTCATATCTCCA,7
TGATCTGTGACATTGA,7
TGTGGAGCGCCCGTAC,7
TTACGAATTTGATCCC,7
TTATCTGTAGAGCGAT,7
TTCTGTCCAGACTCGC,7
TTGAATAGATGTAATC,7
TTGAATCACCGAATAA,7
TTGCTCCTGAGTATTA,7
TTGGGGAACGGGAAGA,7
TTGTATCCGTCGCGCC,7
TTTACTCACCGAATAA,7
TTTCAAAAAGTTTTAG,7
TTTCGTTATACTCACA,7
AAAAAATTTATGACGA,6
AAAAGATTCGGGGGAC,6
AAAGCTCTTTTCTTTC,6
AACAGAAGTCCATGTG,6
AACCACCGATTGACCG,6
AACGACAAACAGTACG,6
AACGACAAGCAGTAAG,6
AACGGAAGTCCATGTA,6
AACTTCCATGACTGCT,6
AACTTCCCTGAATGCT,6
AACTTCCCTGACGGCT,6
AACTTCCCTGACTGCA,6
AACTTCCCTGACTTCT,6
AACTTCCGTCGCCTTA,6
AAGAAATTTATGACAA,6
AAGATTGATTGAAGTC,6
AAGGTAAGAGAAAGTG,6
AAGTGAAGAGAAAGTT,6
AAGTTTGATTGAAGTT,6
AATCAGAAATTTATTC,6
AATCGCTGGCACCCGC,6
AATGAAACAACCGAAC,6
AATGTGGAGCCCAACA,6
ACAAGATTCTGGGGAC,6
ACAAGCAATGAGTTGT,6
ACCGTTGTACAAACCA,6
ACCGTTTTACACACCA,6
ACGTATGATTCTCGAG,6
ACGTATGGTTTTCGAG,6
ACGTGTCTCCGAGCCA,6
ACGTTTCTCCGAGCAA,6
ACTAAGAGGCTACGTA,6
ACTACGAGGCTAAGTA,6
ACTAGATTATAACGTA,6
ACTATGGCTCGCTAAT,6
ACTCTGGATCGCTAAT,6
AGAAAATATCAGATAC,6
AGAAAATCTCATATAC,6
AGAACTAAAAAGAGGA,6
AGAGCCAAAAAGAGGA,6
AGAGCTAAAAAGAGTA,6
AGCATAGGGATATTTG,6
AGCCCATGCTGGGCAT,6
AGCCCATGCTGGGGGT,6
AGGAGTGTGAAGAGCG,6
AGGATAGGGATATGTG,6
AGGGAAATGTAAATGA,6
AGTAACACAGAACTCA,6
AGTAACACAGGATTCA,6
AGTATAGGGATATGTG,6
AGTGTTGGCTTGGCTA,6
AGTGTTGGCTTTGTTA,6
AGTTCAGCGATAACGG,6
AGTTCCATGGGCATGG,6
ATAGGATATATGTCTG,6
ATCAATGTCGTAGGAT,6
ATGAGGGATTCAACTC,6
ATGAGTATGAAGAGCG,6
ATTACCATATCTAATA,6
ATTAGATCATAACGTA,6
ATTTTTCTATGGATAC,6
CAAAATCCACGGCGAC,6
CAAAATCTACGGCGGC,6
CAAAATCTGCGGCGAC,6
CAAATGCTGCATTATG,6
CAATTAGAAATACATG,6
CACCATCAGAACCTAG,6
CAGAACCTCGTTGTTT,6
CAGGCTCTAGGGCTCT,6
CATACAGAGTTTTTTG,6
CATACAGTGTAATCGA,6
CATGTGTAGCCCAACA,6
CCAACACAAAAAATGA,6
CCCCATGAAATAAGCT,6
CCTGGGTTAAGTTGGG,6
CCTTGATGCATTACCG,6
CGAAAACATTACAAGT,6
CGAAAACATTACGAAT,6
CGCACAGTGTAATCGA,6
CGCACTTTACGAGACG,6
CGCACTTTACGGGACA,6
CGGACCCCAGATGGTA,6
CGGACCCTAGATTGTA,6
CGGGAACATGCATAAC,6
CGTGTACCCTTCATCA,6
CGTTCAGCGATAACGT,6
CGTTCAGCTATAACGG,6
CTAAAACATTACAAAT,6
CTAGCAAAGCGTAGGC,6
CTAGCACAGCGTGGGC,6
CTAGTACAGCGTAGGC,6
CTATATTACCCGGAAG,6
CTATATTGCCCGGAAA,6
CTATATTGCCCGGGAG,6
CTATATTGCCTGGAAG,6
CTATCACAGCGTAGGC,6
CTATTTAAAAGACGTA,6
CTATTTAACAGACGGA,6
CTATTTAACAGACTTA,6
CTATTTTGCCCGGAAG,6
CTCAATGCCGTAGGAT,6
CTCAATGTCGTAGGGT,6
CTCAATTTCGTAGGAT,6
CTGAGATGCCAATAAG,6
CTGTACCTGAAGTTGA,6
CTGTACCTTCAGTTGA,6
CTTAGTTATTATATGC,6
GAAAATCTACGGCGAC,6
GAAGTGTGTATTGAGT,6
GAATAATAGGACAGAG,6
GACGGGATGGGCACGC,6
GACGGGATGGGCACTT,6
GACGGGATGGGCGCGT,6
GACTTTGCGCGCAGTC,6
GAGAGCTGCAGAAGCT,6
GAGGCTCTAGAGCTCT,6
GAGGTGTAGAGATACG,6
GAGTGGTAGAGATACG,6
GATCCATCTCAGATCG,6
GATCTCGGGGAGAGTC,6
GCCAACTCGTATCCCT,6
GCCAGCTCGGATCCCT,6
GCCATTTACGGAAGGG,6
GCCTTTGCCCGCAGTC,6
GCCTTTGCGCGAAGTC,6
GGGAAAGAAACTGGAG,6
GGTCCATCGCAGATCG,6
GGTCCATCTCAGAGCG,6
GTAAGAAAAGTTGACC,6
GTAAGCAAAGTTGACA,6
GTAAGCAAAGTTGGCC,6
GTAAGCTTCATGGATT,6
GTACAAGCCTGCAAAT,6
GTCGAGTTACGGATGG,6
GTGAGTGAGAAAAGCA,6
TAAATGCTGCATTAGG,6
TAACAATGTCATTTGA,6
TAACCTGCAAGCCACT,6
TAATAAGCCAGTAAGA,6
TACCAATGTCATTTGG,6
TACCAATGTCGTTTGA,6
TACCTGCTGAGGAACG,6
TACTGATAACCCTGCT,6
TAGAATTGTCGGAAAG,6
TAGAGCTGCAGAAGCG,6
TAGCATTTTCGGAAAG,6
TCAAACAGTGTAGTTG,6
TCGATTACTAGCCTGA,6
TCGTCGCACTACTTCT,6
TCTCACAGAACCTATC,6
TCTCAGCCCTTAGCCG,6
TCTCAGCTCTTAGTCG,6
TCTGGAAACGATCCCT,6
TCTTATCAGGCGGCAT,6
TCTTATTAGGCGCCAT,6
TGAACCGCAGACACGT,6
TGAGCTCATAGCTCCA,6
TGAGTTCATAGCTCCT,6
TGATCTTTCACATTTA,6
TGATCTTTTACATTTT,6
TGATTTTTTACATTTA,6
TGTAATAGGCGCCACA,6
TGTGGAGAGCCCTTAC,6
TGTGGAGCGCACTTAC,6
TGTGGAGCGCCCTCAC,6
TGTGGGTTAAGTTGTG,6
TGTGTAGCGCCCTTAC,6
TGTTGAGCGCCCTTAC,6
TTACGAATTCGATTCC,6
TTACTAATTTGATTCC,6
TTACTCCTGAGTAGTA,6
TTATCTGTAGATCGCT,6
TTATCTGTATAGCGCT,6
TTATGTCCAGACTCGT,6
TTGACTAACCGAATAA,6
TTGACTCACCAAATAA,6
TTGACTCACTGAATAA,6
TTGCGAATTTGATTCC,6
TTGCTCATGAGTAGTA,6
TTGCTCCTGAGTAGTG,6
TTGTATCAGTCGCACC,6
TTGTATCAGTCGCGAC,6
TTTCAAAGAACCTATC,6
TTTCACAGAAACTATC,6
TTTCACAGAACATATC,6
TTTCACAGAACCTATT,6
TTTCAGCGTTGTTTTA,6
TTTCGCAGAACCTATC,6
TTTCGTGATACTAACA,6
TTTGGAGCGCCCTTAC,6
AAAAAATTTATGACCA,5
AAACCCATGAGACCCC,5
AAAGCTATTTTCGTTC,5
AACAGGAGTCCATGTA,5
AACCACCGGGTGACCG,5
AACGAATGAATCATCC,5
AACGTTGTACACACCA,5
AACTCCCCTGACTGCT,5
AACTTCCGTCGCCCGA,5
AAGAAGACTTTGTGCT,5
AAGAATCTATAGAAGT,5
AAGAGTATGAAGAGCG,5
AAGGGGACTCATAATG,5
AAGTATTTCTACACAT,5
AATGAAACAATCTAAC,5
AATGACAAACAGTAAG,5
AATTAAACAATCGAAC,5
ACAATCTGAACCATAT,5
ACAATCTGAACCATCC,5
ACCAGCAATGAGTTGC,5
ACCATAGGGATATGTG,5
ACCATTTACTGAAGGG,5
ACCGAATGAATCATAC,5
ACCGAATGAATCATCT,5
ACCGAATGAGTCATCC,5
ACCTTTGTACACACCA,5
ACGTGTCCCCGAGCAA,5
ACGTGTCTCCAAGCAA,5
ACGTGTCTCCGAGCGA,5
ACTACGAGGCTACATA,5
ACTGGCTAGAAATTTT,5
ACTTGATGCATTCCCG,5
AGAACCGCAGACACGT,5
AGAGTTCATAGCTCCA,5
AGCATAGGGAGATGTG,5
AGCATAGGGATACGTG,5
AGCATAGGGATATGTC,5
AGCATTTGCGCTTCAA,5
AGCGACAAACAGTAAG,5
AGGAACACAGAATTCA,5
AGGAGTATGAGGAGCG,5
AGGGCTAAAAAGAGGA,5
AGTACCACAGAATTCA,5
AGTAGCACAGAATTCA,5
AGTATTTGCGCTTCCA,5
AGTATTTGCTCTTCAA,5
AGTCGTCTAGATAGTT,5
AGTCGTTTAGATGGTT,5
AGTGTACCCTTCAGCA,5
AGTGTTGGATTGGTTA,5
AGTTACATAGGCATGG,5
ATAGCACAGCGTAGGC,5
ATCAGATTATAACGTA,5
ATGCAAAAAGTTTTAG,5
ATTAGACTATAACGTA,5
ATTAGATTATAATGTA,5
ATTAGGGATACGTGAG,5
ATTAGGGCTACGTTAG,5
ATTCGTTTAGATAGTT,5
CAAAACCTACGGCGAC,5
CAAAGTCTACGGCGAC,5
CAAATGATGCATTAGG,5
CAAATGCTGCATGAGG,5
CAACATCAGCACCTAG,5
CACCATCAGCAACTAG,5
CACCATCAGCACCTCG,5
CAGAACCTCATTGTCT,5
CAGGCTCTAGAGCCCT,5
CAGGGGTAGAGATACG,5
CATACATAGTTTGTTG,5
CATGTGGAGCCAAACA,5
CATGTGGAGCCCAACG,5
CATGTGGAGTCCAACA,5
CATGTGGATCCCAACA,5
CATTCAGCGATAACGG,5
CATTCCTAACTAGCGA,5
CATTGATGCATTCCCG,5
CCAACAAAAAAAATTA,5
CCAGCACAGCGTAGGC,5
CCTGGGCTAAGTTGTG,5
CCTGGGTTAATTTGTG,5
CCTTGACGCATTCCCG,5
CCTTGATGCACTCCCG,5
CCTTGATGCAGTCCCG,5
CCTTGATGCATTCACG,5
CGCACTTTACGAGGCA,5
CGGAGTATGAAGAGCG,5
CGGCCTGGGAATCAAA,5
CGGGAACAAGATTGTA,5
CGGGGACAAGATTGTG,5
CGTAAAGTGTAATCGA,5
CGTACAGTTTAATCGA,5
CGTACCCTAGATGGTA,5
CGTTCAGCGATAACGA,5
CGTTCAGTGATAACGG,5
CTAACACAGCGTAGGC,5
CTAATCTAAGTATCAA,5
CTATATTGCCCAGAAG,5
CTATATTGCCCGGAAT,5
CTATATTGCCGGGAAG,5
CTATTTAACAGAGGTA,5
CTCAATGTAGTAGGAT,5
CTCAATGTCGCAGGAT,5
CTCAATGTCGTAGGAC,5
CTCAATGTCGTAGGTT,5
CTGAGCTGCCGATAAG,5
CTGAGCTGTCAATAAG,5
CTGAGGTATTCAACTC,5
CTGGGCTGCCAATAAG,5
CTGTACCTGTAGTTGA,5
CTGTGCCTGCAGTTGA,5
CTTAGGGATTCAACTC,5
CTTTTCTAGTACGCGT,5
GAAGGGTAGAGATACG,5
GAAGTGAGTATTGAGT,5
GACCCTGCAAGCCACT,5
GACGGGATGGTCACGT,5
GAGAAGACTTTGTGAT,5
GAGAGCTTCAGAAGCG,5
GAGGGGTAGATATACG,5
GAGGGGTATAGATACG,5
GAGGGGTTGAGATACG,5
GATCTCCACTGATAAG,5
GATCTTGGGGATAGTC,5
GATCTTGGGTAGAGTC,5
GCAAACAGTGTAGTGG,5
GCAAAGAGGTGTAACC,5
GCAAGCAAAGTTGACC,5
GCCTCTGCGCGCAGTC,5
GCCTTTGCGCACAGTC,5
GCCTTTGCGCGCAGTA,5
GCCTTTGCGCGCATTC,5
GCCTTTGCGTGCAGTC,5
GCGAACAGTGTAGTTG,5
GCGAGCTGCAGAAGCG,5
GCTATTATGACTTCAT,5
GGTCCATCCCAGATCG,5
GGTTCCATAGGCATGG,5
GGTTGGGGTCTCCCTT,5
GTAAGCAAATTTGACC,5
GTACAAACTTGCAAAT,5
GTACAACCCTGCAAAT,5
GTAGCACAGCGTAGGC,5
GTCAAGTGACGGATGG,5
GTCAGGTTACGGATGG,5
GTCTTTGCGCGCAGTC,5
GTGAGCAAAGTTGACC,5
GTGAGCGAGAAAGGCA,5
GTGGGCGAGAAAAGCA,5
GTTATTATGACCTCAT,5
GTTCCATCTCAGATCG,5
GTTTAAATTATAGTCT,5
TAAAAAGCCGCCATGA,5
TAAAAAGCCTCCAGGA,5
TAAAAAGCCTCTATGA,5
TAAGATAAACATTACT,5
TAATAAGCCTCCATGA,5
TACCAATGTCATTAGA,5
TACCAATGTCATTTGT,5
TACCAGTGTCATTTGA,5
TACCCCGCAAGCCACT,5
TACTGATAACCCGGCG,5
TACTGATAACCCTGTG,5
TAGCATCGTCGGAAAG,5
TAGCATTGTCGGAAAT,5
TAGCATTGTCGTAAAG,5
TAGCATTGTCTGAAAG,5
TATCCTGCAAGCCACT,5
TCAACGAGGTGTAACC,5
TCCAGCGCGGTAAGCG,5
TCCATTTACTGAAGGG,5
TCCCTCCTCTAAAGTT,5
TCCTATTAGGCGGCAT,5
TCGATTACTAGCAGGA,5
TCGATTACTAGTCGGA,5
TCGTCGCACTACTGTT,5
TCTGGAAACGATCCCA,5
TCTTAGAGTGAAAGAT,5
TCTTAGTAGGCGGCAT,5
TCTTGGAGTGAACGAT,5
TGATATGTGACATTGC,5
TGATATTTTACATTTA,5
TGATCTGTGACATCGC,5
TGCATAGGGATATGTG,5
TGGAGTATGAAGAGCG,5
TGGCATTGTCGGAAAG,5
TGGTCCGCTTCATGCC,5
TGTGGAGCCCCCTTAC,5
TGTGGAGCGCCCTTAA,5
TGTGTACCCTTCAGCA,5
TTACGAATTTGACTCC,5
TTACGAGTTTGATTCC,5
TTATCTATAGAGCGCT,5
TTATCTGTAGAGCACT,5
TTATCTGTAGAGCGCC,5
TTCTGTACAGACTCGT,5
TTCTGTCCAGACTCAT,5
TTGAAAAAAGTTTTAG,5
TTGAGCTGCCAATAAG,5
TTGCAATTTAAACATA,5
TTGCATTGTCGGAAAG,5
TTGCTCCCGAGTAGTA,5
TTGCTCCTGAGTAGCA,5
TTGCTCCTGAGTAGTC,5
TTGGGGAACGGGAAAC,5
TTGTAATTGAAACATA,5
TTGTATCAGTCGCTCC,5
TTGTATCATTCGCGCC,5
TTGTCTGTAGAGCGCT,5
TTTAAGCGTTGTTTTG,5
TTTATATCCAGCACCA,5
TTTATCATATCTAATA,5
TTTCACAGAACCTACC,5
TTTCATAGAACCTATC,5
TTTTATTAGGCGGCAT,5
AAAAAAATTATGACAA,4
AAAAAAGCCTCCATGA,4
AAAAAATCTATGACAA,4
AAAAAATTTATCACAA,4
AAAAACATATTAATCC,4
AAAAGATTTATGACAA,4
AAACACCCCAGAGATG,4
AAAGAATTTATGACAA,4
AAAGACAAACAGTAAG,4
AAAGCTCTTCTCGTTC,4
AAAGCTCTTTTCGTCC,4
AAAGGCGCGCCTGCAA,4
AAAGGCGCGCCTTAAA,4
AACAGAAGCCCATGTA,4
AACAGAAGTCCATCTA,4
AACAGAAGTCCATGGA,4
AACAGTACCGCGTTTA,4
AACCACCGAGTGAACG,4
AACCACCGAGTGATCG,4
AACCACCGAGTGGCCG,4
AACCACCGTGTGACCG,4
AACCGTACCGAGTTTA,4
AACCTCCCTGACTGCT,4
AACTACAAACAGTAAG,4
AACTAGCAATAAAATC,4
AACTGATAACCCTGCG,4
AACTGCGTCCATCGAT,4
AACTTCCTTCGCCTGA,4
AACTTCGTTCATCGAT,4
AAGAAGACTTTGGGAT,4
AAGAAGATATAGAAGT,4
AAGAAGCTATATAAGT,4
AAGATTGATTGAAGGT,4
AAGATTGATTTAAGTT,4
AAGATTTATTGAAGTT,4
AAGCATTGTCGGAAAG,4
AAGCGGTGAGGTGATT,4
AAGCGGTGATGTTATT,4
AAGCGGTGGTGTGATT,4
AAGGGGCCTCATAATA,4
AAGGGGTAGAGATACG,4
AAGTTAAGACAAAGTT,4
AAGTTAAGAGAAAATT,4
AAGTTAAGAGATAGTT,4
AATACAGAGTTTGTTG,4
AATCCGAATGGGGTAG,4
AATCGATGGCACCCGT,4
AATCGCTGGCAACCGT,4
AATCGCTGGCACCCTT,4
AATCGGTGATGTGATT,4
AATGAAACAATCGAAA,4
ACAAAGTCTCGATAAG,4
ACAAGATTCGGAGGAC,4
ACAAGATTCGGGTGAC,4
ACAATCTTAACCATAC,4
ACCAGCGCGGTAAGAG,4
ACCGAATGAATCACCC,4
ACCGAATGAATCATCA,4
ACCGAATGGATCATCC,4
ACCGTTGTACACACCC,4
ACCGTTGTACACACCG,4
ACCTGAAGTTGCCAAG,4
ACGTACGATTTTCGAG,4
ACGTATAATTTTCGAG,4
ACGTATCTCCGAGCAA,4
ACGTATGATTGTCGAG,4
ACGTATGATTTCCGAG,4
ACGTATGATTTTCAAG,4
ACGTATGATTTTCGAA,4
ACGTATGATTTTTGAG,4
ACTATGAGGCTACGTA,4
ACTGTCTACAAATTTT,4
ACTGTCTAGAAAATTT,4
AGAAAATCTCAGATAG,4
AGAAACACAGAATTCA,4
AGAGAATCTCAGATAC,4
AGAGCTAAAAAGGGGA,4
AGAGGTAAAAAGAGGA,4
AGCAGAAGTCCATGTA,4
AGCATAGAGATATGTG,4
AGCATAGGAATATGTG,4
AGCATAGGGTTATGTG,4
AGCCCATGCTAGGGAT,4
AGCCCATGCTGGGAAT,4
AGCCCATGCTGGGGTT,4
AGCCCGTGCTGGGGAT,4
AGCTTCCCTGACTGCT,4
AGGAGTATGAAGAGCT,4
AGGAGTATGAAGAGGA,4
AGGAGTATTAAGAGCG,4
AGGCCATGCTGGGGAT,4
AGGCCCGTAAGGACAA,4
AGGCCCGTAAGTACTA,4
AGTAACACAGAATTCC,4
AGTAACACCGAATTCA,4
AGTAATACAGAATTCA,4
AGTATTTGCGCTGCAA,4
AGTCGTTTAGATAGGT,4
AGTGACACAGAATTCA,4
AGTGTTGAATAGACGA,4
AGTGTTGAATAGGTGA,4
AGTGTTGGCCTGGTTA,4
AGTGTTGGCTTGGTTG,4
AGTGTTGGCTTGTTTA,4
AGTTCCATAGGAATGG,4
AGTTCCGTAGGCATGG,4
ATAAGATTCGGGGGAC,4
ATAAGCTTCATGGAGT,4
ATGTGTCTCCGAGCAA,4
ATTAGACAATAATGAC,4
ATTAGATTACAACGTA,4
ATTAGATTATAACATA,4
ATTAGATTATAACGCA,4
ATTATCATATCTAACC,4
ATTATCGTATCTAATA,4
ATTATTATATCTAATA,4
ATTCCGAATGGGGCAG,4
ATTGTTGGCTTGGTTA,4
ATTTCCATAGGCATGG,4
ATTTTTCTATGGCTAA,4
ATTTTTCTATTGCTAC,4
CAAACACAAAAAATTA,4
CAACTAGAAATACATA,4
CAATTAAAAATACATA,4
CAATTAGAAATACAAA,4
CACCAATGTCATTTGA,4
CACCATCAACACCTAG,4
CACCATCGGCACCTAG,4
CACCATTAGCACCTAG,4
CACCCTGCAAGCCACT,4
CACTATGAAATAAGCT,4
CAGAACCTCGGTGTCT,4
CAGAACCTCGTTATCT,4
CAGGCTCGAGAGCTCT,4
CAGGCTCTAGAGCTTT,4
CAGGGACAAGATTGTA,4
CAGTTAGAAATACATA,4
CATAAAGAGTTTGTTG,4
CATCATCAGCACCTAG,4
CATGCGGAGCCCAACA,4
CATGTGGAGACCAACA,4
CATGTGGAGCCCAGCA,4
CCCCTCCTCTAAAGTC,4
CCCTGATGCATTCCCG,4
CCTAGGTTAAGTTGTG,4
CCTCGATGCATTCCCG,4
CCTCGGTTAAGTTGTG,4
CCTGAGTTAAGTTGTG,4
CCTGGATTAAGTTGTG,4
CCTGGGTTAAGTCGTG,4
CCTGGGTTAAGTTTTG,4
CCTGGGTTAGGTTGTG,4
CCTTAATGCATTCCCG,4
CCTTGATGAATTCCCG,4
CCTTGATGCATTCTCG,4
CCTTTATGCATTCCCG,4
CGAACCGCGGACACGT,4
CGCACTTTACGAGACT,4
CGCATTTTACGAGACA,4
CGGACAGGAAATCAAA,4
CGGACCCGAGATGGTA,4
CGGACCCTAGATGGGA,4
CGGCCAGGGAATCACA,4
CGGGGACAAGATTGGA,4
CGGGGACAAGATTTTA,4
CGGTAATCTCCCATAC,4
CGGTCGGGAATCATCT,4
CGTACAGTATAATCGA,4
CGTACAGTGTAATAGA,4
CGTACAGTGTAATCGT,4
CGTACAGTGTAATTGA,4
CGTGCAGTGTAATCGA,4
CGTTCAGCGATAAAGG,4
CTACGAATTTGATTCC,4
CTAGCACAGCGTAGCC,4
CTAGCACGGCGTAGGC,4
CTATATGGCCCGGAAG,4
CTATATTGCCCGGACG,4
CTATTTAACATACGTA,4
CTCAATGTCGTAAGAT,4
CTGAACTTATCTGTGT,4
CTGAGCTGCAAATAAG,4
CTGAGCTGCCAATAAT,4
CTGAGCTGCCAATACG,4
CTGAGGGATTCAACCC,4
CTGAGTTGCCAATAAG,4
CTGATCTGCCAATAAG,4
CTGCAATTGAAACATA,4
CTGCTCCTGAGTAGTA,4
CTGGGACAAGATTGTA,4
CTGTACATGCAGTTGA,4
CTGTACCTGCAGTTGT,4
CTTAGGTATTGTATGC,4
CTTCGGCTCTTTATTA,4
CTTGTACCCTTCAGCA,4
CTTTTATAGTACGCTT,4
CTTTTCTAGGACGCTT,4
GAAGTGCGTATTGATT,4
GAAGTGCTTATTGAGT,4
GAATAATAGAACAGCG,4
GAATAATAGAACGGAG,4
GACATTTACTGAAGGG,4
GAGAACCTCGTTGTCT,4
GAGAGCGGCAGAAGCG,4
GAGAGCTGCAGAATCG,4
GAGGGGCAGAGATACG,4
GAGGGGTAGAGATACC,4
GAGGGGTAGAGATAGG,4
GAGGGGTAGAGGTACG,4
GAGTATTGCTACACAT,4
GATAGCCATCGACTTC,4
GATAGCTGCAGAAGCG,4
GATCTTAGGGAGAGTC,4
GATCTTGGGGAGGGTC,4
GCAAACAGTGTAGGTG,4
GCAAACAGTGTAGTCG,4
GCAAACAGTGTAGTTT,4
GCAACGAGGTGTAAAC,4
GCAACGAGGTGTAACA,4
GCAATCTGAACCATAC,4
GCAGACAGTGTAGTTG,4
GCCAGCCCGTATCCCT,4
GCCAGCTCCTATCCCT,4
GCCAGCTCGCATCCCT,4
GCCTTTGCACGCAGTC,4
GCCTTTGCGCGCAGCC,4
GCCTTTGCGCGCAGTT,4
GCCTTTGCGCGCGGTC,4
GCCTTTGCGCTCAGTC,4
GCTAGCTCGTATCCCT,4
GCTTGATGCATTCCCG,4
GGAAAATCTCAGATAC,4
GGGGGACAAGATTGTA,4
GGTATTTGCGCTTCAA,4
GGTCCATCTAAGATCG,4
GGTCCATCTCAAATCG,4
GGTCCATCTCAGACCG,4
GGTCTATCTCAGATCG,4
GGTGGAGCGCCCTTAC,4
GTAAGCAAAGTTTACC,4
GTAAGCAAGGTTGACC,4
GTAAGCCTCATGGAGT,4
GTAAGCTTCATGTAGT,4
GTAATCTTCATGGAGT,4
GTACAAATCTGCAAAT,4
GTAGAACTGCGGCCCA,4
GTAGATACCAGGACCA,4
GTCAAGTTACGAATGG,4
GTCAAGTTACGGATAG,4
GTGAGCGAGAAAAGGA,4
GTGAGCTGCCAATAAG,4
GTGAGCTTCATGGAGT,4
GTGAGGGAGAAAAGCA,4
GTGATCGAGAAAAGCA,4
TAAAAAGCCTCCATCA,4
TAAAAAGCCTCCATCC,4
TAAAAGGCCTCCATGA,4
TAATAAGCCAGAAAGA,4
TAATGATAACCCTGCG,4
TACCAATGCCATTTGA,4
TACCAATGTCATGTGA,4
TACCAATGTCATTCGA,4
TACCCTGCAAGCCACA,4
TACCCTGCAATCCACT,4
TACTAATTCCGTTGTC,4
TACTAGCAATAAAATA,4
TACTGATAACCCTGAG,4
TACTTATAACCCTGCG,4
TAGCAATGTCATTTGA,4
TAGCATTGTCAGAAAG,4
TAGCATTGTCGGAACG,4
TAGTATTGCTACACAT,4
TAGTCGCACTACTGCT,4
TATCCAAGGGACGGAT,4
TATCTTGGGGAGAGTC,4
TATTCATAACTAGCGA,4
TATTCCTAACTAGCTA,4
TATTCCTAATTAGCGA,4
TATTCCTCACTAGCGA,4
TCATGGGTGTAAGAGA,4
TCCTAAAGGATCATGA,4
TCGATTACTAGACGGA,4
TCGATTACTAGCTGGA,4
TCGATTACTATCCGGA,4
TCGTATCAGTCGCGCC,4
TCGTATGATTTTCGAG,4
TCGTCCGTTTGGAACT,4
TCGTCCTTTGGGAACT,4
TCGTGTCTCCGAGCAA,4
TCTATATCCAACACCA,4
TCTGTAAACGATCCCC,4
TCTTAGAGTGAACGCT,4
TCTTAGGGTGAACGAT,4
TCTTATGAGGCGGCAT,4
TGAAAAGCCTCCATGA,4
TGAGGAGCGCCCTTAC,4
TGAGTTCATAGCGCCA,4
TGAGTTCATGGCTCCA,4
TGATCTTTTAAATTTA,4
TGATCTTTTACGTTTA,4
TGTAGAGCGCCCTTAC,4
TGTGGAGGGCCCTTAC,4
TTACGAAGTTGATTCC,4
TTATATTGCCCGGAAG,4
TTATCGGTAGAGCGCT,4
TTATCTGTGGAGCGCT,4
TTATTTAACAGACGTA,4
TTCTGTCCATACTCGT,4
TTCTTTCCAGACTCGT,4
TTGACTCACCGAATCA,4
TTGCAAAAAGTTTTAC,4
TTGCAAAGAGTTTTAG,4
TTGCAAGTGAAACATA,4
TTGCAATTGAAAAATA,4
TTGCAATTGAAACATT,4
TTGCTCCTGAGTAATA,4
TTGGGGAAAGGGAAGC,4
TTGGGGAACGGGAATC,4
TTGGGGTAGAGATACG,4
TTGGTGAACGGGAAGC,4
TTGTATCAGTCGAGCC,4
TTGTATCAGTCGTGCC,4
TTTAACAGAACCTATC,4
TTTATAGCCAACACCA,4
TTTATATCCAACACAA,4
TTTCACAGAACCTAGC,4
TTTCACAGGACCTATC,4
TTTCAGAGTTGTTTTG,4
TTTCCGAATGGGGTAG,4
TTTCGCGATACTCACA,4
TTTCGTGATACTCAAA,4
TTTGGGAACGGGAAGC,4
TTTGTATCCAACACCA,4
TTTTACAGAACCTATC,4
AAAGCTAAAAAGAGGA,3
AAAGCTCCTTTCGTTC,3
AAAGCTCTTTTCGTTA,3
AAATCTCTTTTCGTTC,3
AACAAAAGTCCATGTA,3
AACAGAAGGCCATGTA,3
AACAGAAGTCCATGCC,3
AACATAAGTCCATGTA,3
AACCACAAACAGTAAG,3
AACCACCGAGCGACCG,3
AACCACCGAGTGAGCG,3
AACCGTAACGCGTTTA,3
AACCGTACAGCGTTTA,3
AACCGTACCGCGCTTA,3
AACCGTACCGCGTTTG,3
AACCTTACCGCGTTTA,3
AACGACAAACACTAAG,3
AACGACAAACATTAAG,3
AACGATAAACAGTAAG,3
AACTGAATTAAGTATG,3
AACTGCGTTCATCTAT,3
AACTTCACTGACTGCT,3
AACTTCCCTAACTGCT,3
AACTTCCCTGACTGCG,3
AACTTCCGTCGCCTGG,3
AAGAAGACTTGGTGAT,3
AAGAAGACTTTGTGGT,3
AAGAAGCTATAGAACT,3
AAGAAGCTATAGAAGC,3
AAGAAGCTATAGAAGG,3
AAGAAGCTATAGAATT,3
AAGAAGCTATAGAGGT,3
AAGAAGGCTTTGTGAT,3
AAGAGCTGCAGAAGCG,3
AAGATTAATTGAAGTT,3
AAGATTGATTGAATTT,3
AAGCAAATAGACCGAA,3
AAGCGGGGATGTGATT,3
AAGCGGTTATGTGATT,3
AAGGGGCATCATAATG,3
AAGTAAAGAGAAAGTT,3
AAGTGCGTTCATCGAT,3
AAGTGGTGATGTGATT,3
AAGTTCCCTGACTGCT,3
AAGTTTAGAGAAAGTT,3
AATACGAGGCTACGTA,3
AATATCATATCTAATA,3
AATCGCTGGCACACGT,3
AATCGCTGTCACCCGT,3
AATGGAACAATCGAAC,3
AATGGGAATTGCCACT,3
ACAAAGTCTAGAGAAG,3
ACAACGAGGTGTAACC,3
ACAAGATACGGGGGAC,3
ACAAGATTCGGGGGCC,3
ACAAGATTCGTGGGAC,3
ACAATATGAACCATAC,3
ACACAGTCTCGAGAAG,3
ACAGCTAAAAAGAGGA,3
ACATTTTCCAATAGTT,3
ACCAAATGAATCATCC,3
ACCACGAGGCTACGTA,3
ACCAGAAATGAGTTGT,3
ACCAGAAGTCCATGTA,3
ACCAGCAATAAGTTGT,3
ACCAGCAATGAGTTCT,3
ACCAGCAATGATTTGT,3
ACCATGCAAATAGAAA,3
ACCCCCGGAGCTTGGT,3
ACCCCGCAAATAGAAA,3
ACCCCGGGAGCTTGGC,3
ACCCTGCAAATAGACA,3
ACCGAATGAATCATGC,3
ACCGGAAGTTACCAAG,3
ACCGTGGTACACACCA,3
ACCGTTGTAAACACCA,3
ACCGTTGTACACCCCA,3
ACCGTTGTGCACACCA,3
ACCTGCGCGGCTCGGG,3
ACGATTACTAGCCGGA,3
ACGGTCTAGAAATTTT,3
ACGTATGATCTTCGAG,3
ACGTGTATCCGAGCAA,3
ACGTGTCTCCGAGCCC,3
ACGTGTCTTCGAGCAA,3
ACTACGAGGATACGTA,3
ACTACGAGGCCACGTA,3
ACTACGAGGCTACGCA,3
ACTACGAGGCTACGTT,3
ACTACGAGGCTATGTA,3
ACTAGGAGGCTACGTA,3
ACTCTGACTCGCTAAT,3
ACTCTGGCTAGCTAAT,3
ACTCTGGCTCGATAAT,3
ACTCTGGCTCGCCAAT,3
ACTCTTGCTCGCTAAT,3
ACTGTCTAAAAATTTT,3
ACTGTCTAGAAAGGGT,3
ACTGTCTAGCCATTTT,3
ACTGTGTAGAAATTTT,3
AGAAAATCTCAGAGAC,3
AGAAAATCTCAGATAT,3
AGAAAATCTCAGATGC,3
AGAAAATTTATGACAA,3
AGAGCTAGAAAGAGGA,3
AGAGCTCTTTTCGTTC,3
AGAGTTAAAAAGAGGA,3
AGCAGAGGGATATGTG,3
AGCATAGGGATATATG,3
AGCATAGGGATATGCT,3
AGCATAGGGGACGATT,3
AGCATCTAACATATAG,3
AGCCTATGCTGGGGAT,3
AGCGTTGTACACACCA,3
AGGAAAGAAAATGGAG,3
AGGAAAGAAACTGGGG,3
AGGAGCATGAAGAGCG,3
AGGAGTATGAAGGGCG,3
AGGAGTATGAATAGCG,3
AGGATTATGAAGAGCG,3
AGGCACGTAAGGACTA,3
AGGCCAGTAAGGACTA,3
AGGGAATCTCCCATAC,3
AGGTATGATTTTCGAG,3
AGGTATTGCTACACAT,3
AGTAACACACAATTCA,3
AGTAACACAGAAGGCA,3
AGTAACACAGAATTCT,3
AGTAACAGAGAATTCA,3
AGTAAGACAGAATTCA,3
AGTACAGTGTAATCGA,3
AGTACGAGGCTACGTA,3
AGTAGGGCTACGTGAG,3
AGTAGTATGAAGAGCG,3
AGTATGTGCGCTTCAA,3
AGTATTTGAGCTTCAA,3
AGTATTTGCGCTTAAA,3
AGTCCCATAGGCATGG,3
AGTCGTTGAGATAGTT,3
AGTCGTTTAGATAGCT,3
AGTCTTTTAGATAGTT,3
AGTGCTGGCTTGGTTA,3
AGTGTTGAATAGGCGT,3
AGTGTTGAATAGGCTA,3
AGTGTTGAATATGCGA,3
AGTGTTGAATGGGCGA,3
AGTGTTGACTTGGTTA,3
AGTGTTGTACACACCA,3
AGTTCCATAGGCATGT,3
AGTTCCATAGGCATTG,3
AGTTCCATATGCATGG,3
AGTTGGGGTCCCCCTT,3
AGTTTTGGCTTGGTTA,3
ATAAAATCTCAGATAC,3
ATAACGTTTGTGCACA,3
ATAGAAAATTATCCGT,3
ATAGAATTGCAAATTA,3
ATAGGATATATGGATG,3
ATATAAACCGTTTGTA,3
ATCCCGAATGGGGTAG,3
ATGAGATTATAACGTA,3
ATGCAAATAGACCGAA,3
ATGTATGATTTTCGAG,3
ATTAGATGATAACGTA,3
ATTAGATTATAACGGA,3
ATTAGATTATAAGGTA,3
ATTAGGGCTACATGAG,3
ATTAGGGCTACTTGAG,3
ATTATCATAACTAATA,3
ATTATCATATCAAATA,3
ATTATCATATCTAATC,3
ATTATTTATGTCCGTA,3
ATTCACAGAACCTATC,3
ATTCCGAATGGGGGAG,3
ATTCCGAATGGTGTAG,3
ATTCGGGCTACGTGAG,3
ATTTAAATTATAGTCT,3
ATTTTTATATGGCTAC,3
ATTTTTCTATGGCTCC,3
CAAAAGCTACGGCGAC,3
CAAAATCTACGCCGAC,3
CAAAATCTACGGTGAC,3
CAAATGCTGAATTAGG,3
CAAATGCTGCATTGGG,3
CAATCTTAATCTACAG,3
CAATTATAAATACATA,3
CACCATCAGCACCCAG,3
CACCATCAGCACCTAT,3
CACTATCAGCACCTAG,3
CACTTTACGGATCTCT,3
CAGAACATCGTTGTCT,3
CAGAACCCCGTTGTCT,3
CAGAACCTCGCTGTCT,3
CAGAACCTCGTTGGCT,3
CAGAACCTGCAGTTGA,3
CAGAACTTCGTTGTCT,3
CAGAATCTACGGCGAC,3
CAGCATTGTCGGAAAG,3
CAGGCGCTAGAGCTCT,3
CAGGCTCTACAGCTCT,3
CAGGCTCTAGAACTCT,3
CAGGCTCTAGAGCGCT,3
CAGGCTCTAGAGTTCT,3
CATACAGAGTTTGTCG,3
CATACAGAGTTTGTTT,3
CATATGGAGCCCAACA,3
CATGGGAATTGCCACC,3
CATGTTGAGCCCAACA,3
CCAACACAAAAAGTTA,3
CCAATCCCAGTCTTTA,3
CCATTTACGGATCTCT,3
CCCACTTTACGAGACA,3
CCCTGCGCGGCTCAGG,3
CCCTGCGCGGCTCTGG,3
CCCTTTACGGATCTCC,3
CCGAGGGATTCAACTC,3
CCTGGGGTAAGTTGTG,3
CCTGGGTCAAGTTGTG,3
CCTGGGTTAAGCTGTG,3
CCTGGGTTAAGGTGTG,3
CCTGGGTTAAGTTATG,3
CCTGGGTTAAGTTGTC,3
CCTGGGTTGAGTTGTG,3
CCTTGAGGCATTCCCG,3
CCTTGATGCATCCCCG,3
CCTTGATGCATTCCTG,3
CGAACCGAAGACACGT,3
CGAACCGCAGACACGG,3
CGAGAACATTACAAAT,3
CGAGTTCATAGCTCCA,3
CGATCTTTTACATTTA,3
CGATTAGAAATACATA,3
CGCACTTTACGAGATA,3
CGCACTTTGCGAGACA,3
CGGAACCTCGTTGTCT,3
CGGACCCTAGATGATA,3
CGGACCCTAGATGGCA,3
CGGACTCTAGATGGTA,3
CGGGAACACACATAAC,3
CGGGGACAGGATTGTA,3
CGTACAGTGGAATCGA,3
CGTACAGTGTAAGCGA,3
CGTACAGTGTGATCGA,3
CGTACAGTGTTTGTTG,3
CGTGAACATACATAAC,3
CGTGTACACTTCAGCA,3
CGTTCACCGATAACGG,3
CGTTTACCCTTCAGCA,3
CGTTTCTAGTACGCTT,3
CGTTTTTGGTTCTAGG,3
CTAATTGAAGTATCAA,3
CTAATTTAAGCATCAA,3
CTAATTTAAGTACCAA,3
CTAATTTAAGTAGCAA,3
CTAATTTAAGTATCGA,3
CTATATTGCACGGAAG,3
CTATATTGCCCCGAAG,3
CTATATTGCCCGAAAG,3
CTATATTGCCCGGAGG,3
CTATATTGCTCGGAAG,3
CTATCTGAATCTACAG,3
CTATCTTAATTTACAG,3
CTATGTTGCCCGGAAG,3
CTATTCAACAGACGTA,3
CTATTTAACAGATGTA,3
CTCAATATCGTAGGAT,3
CTCAATGTCCTAGGAT,3
CTCAATGTCGGAGGAT,3
CTCAGTGTCGTAGGAT,3
CTCCTAGGGGAAGATT,3
CTCCTAGGGGGCGATT,3
CTCCTAGGGTACGATT,3
CTGAGCCGCCAATAAG,3
CTGAGCTGCAGAAGCG,3
CTGAGGGACTCAACTC,3
CTGAGGGATTCAATTC,3
CTGAGGGATTCGACTC,3
CTGAGGGGTTCAACTC,3
CTGAGTGATTCAACTC,3
CTGGGGGATTCAACTC,3
CTGTAACTGCAGTTGA,3
CTGTATCAGTCGCGCC,3
CTGTTTAACAGACGTA,3
CTTAACTTGTCGATAT,3
CTTACAGTGTAATCGA,3
CTTAGGTATTACATTC,3
CTTAGGTATTATACGC,3
CTTATCATATCTAATA,3
CTTTAAATTATATTCT,3
CTTTCCTAGTACGCTT,3
CTTTTCTAGTACGATT,3
GAAAAAGCCTCCATGA,3
GAAGTGCCTATTGAGT,3
GAATAAGAGAACAGAG,3
GAATTCACAATATCCA,3
GACCACCCCAGAGATG,3
GACGGGATGGGCACAT,3
GACGGGATGTGCACGT,3
GACGGGGTGGGCACGT,3
GACGGTTCCGACTAAG,3
GACTGCGTTCATCGAT,3
GACTGGATGGGCACGT,3
GAGAGCTGCCAATAAG,3
GAGAGTTGCAGAAGCG,3
GAGCGGTGATGTGATT,3
GAGGAGTAGAGATACG,3
GAGGGCTGCAGAAGCG,3
GAGGGGCCTCATAATG,3
GAGGGGGAGAGAGACG,3
GAGGGGTAGAGACACG,3
GATCCTGGGGAGAGTC,3
GATCGCCATCCACTTC,3
GATCTGGGGGAGAGTC,3
GATCTTCGGGAGAGTC,3
GATCTTGGCGAGAGTC,3
GATCTTGGGGAGAATC,3
GATGTGGAGCCCAACA,3
GCAAACAGTGTAATTG,3
GCAAACAGTGTAGTTA,3
GCAAAGAGTGTAGTTG,3
GCAACGTGGTGTAACC,3
GCAAGCAGTGTAGTTG,3
GCAGCGAGGTGTAACC,3
GCATCCTCAACTCCCA,3
GCCAAGTTACGGATGG,3
GCCAGCTCGTATCCGC,3
GCCAGTTCGTATCCCT,3
GCCATTTAATGAAGGG,3
GCCATTTACTGTAGGG,3
GCCATTTACTTAAGGG,3
GCCCTGCAAATAGAAA,3
GCCGCTGTGGCGTGTG,3
GCCGTTGTACACACCA,3
GCCTTCGCGCGCAGTC,3
GCTCCATCTCAGATCG,3
GCTCTGGCTCGCTAAT,3
GGCGACAAACAGTAAG,3
GGGGAACATACATAAC,3
GGTCCACCTCAGATCG,3
GGTCCAGCTCAGATCG,3
GGTCCATATCAGATCG,3
GGTCCATCACAGATCG,3
GGTCCATCTTAGATCG,3
GGTCGTTTAGATAGTT,3
GGTTAACTTTGTAAGC,3
GGTTCAGCGATAACGG,3
GTAAACTTCATGGAGT,3
GTAACGAGGTGTAACC,3
GTAAGCAAAGTTGACT,3
GTAAGCTTAATGGAGT,3
GTAAGCTTCAGGGAGT,3
GTAAGTAAAGTTGACC,3
GTAATCAAAGTTGACC,3
GTACAAACCGTTTGTA,3
GTACAGACCTGCAAAT,3
GTAGAAACCTGCAAAT,3
GTAGAACTGCTGCCCC,3
GTCAAGCTACGGATGG,3
GTCAAGTTACAGATGG,3
GTCAAGTTACGGATGC,3
GTCAAGTTACGGATGT,3
GTCAATTTACGGATGG,3
GTCGCATCCTGTAATG,3
GTCGCATCCTTGAATG,3
GTGAAGTTACGGATGG,3
GTGACTCACCGAATAA,3
GTGAGCTAGAAAAGCA,3
GTTAGCGAGAAAAGCA,3
GTTAGGGCTACGTGAG,3
GTTATATCCAACACCA,3
GTTATGATGACTTCAT,3
GTTATTATGACTTCGT,3
GTTCCGAATGGGGTAG,3
GTTGCTCCGACACTCC,3
TAAAAAGCCAGCAAGA,3
TAAAAAGCCTCCATAA,3
TAAAAAGCCTCCATGC,3
TAAAAAGCTTCCATGA,3
TAACCCATAAGACCCC,3
TAATAAGACAGCAAGA,3
TAATAAGCCAGCAATA,3
TAATAAGCCAGCGAGA,3
TAATAAGTCAGCAAGA,3
TAATCTTTTACATTTA,3
TAATGAGCCAGCAAGA,3
TACCAATATCATTTGA,3
TACCAATGTCATTTAA,3
TACCCTGCAAGCGACT,3
TACCCTGCAAGTCACT,3
TACCCTGCAGGCCACT,3
TACCGATGTCATTTGA,3
TACGGTGCCGAGCTAT,3
TACTAGCAAGAAAATC,3
TACTGATAAACCTGCG,3
TACTGATAACCCTGCA,3
TACTTCCGTCGCCTGA,3
TAGCATTGTCGGAGAG,3
TAGGGGCCTCATAATG,3
TAGTCCGTTGGGAACT,3
TATACAGAGTTTGTTG,3
TATCAAAGGGACGGAC,3
TATCAATGTCATTTGA,3
TATCCAAGGGAAGGAC,3
TATCCAAGGGGCGGAC,3
TATGTGGAGCCCAACA,3
TATTCCTAACTAGAGA,3
TATTCCTAACTATCGA,3
TCACGACTCGACGAAC,3
TCCAGAGCGGTAAGAG,3
TCGATTACTAGCCCGA,3
TCGATTACTGGCCGGA,3
TCGATTGCTAGCCGGA,3
TCGCAAAAAGTTTTAG,3
TCGTACGTTGGGAACT,3
TCGTAGCACTACTGCT,3
TCGTCCGTTGGGAAAT,3
TCGTCCGTTGGGAACA,3
TCGTCGCACTACTGCC,3
TCGTTGCACTACTGCT,3
TCTCATTAGGCGGCAT,3
TCTGGAAAAGATCCCC,3
TCTTAGAGTGAACTAT,3
TCTTAGAGTGAGCGAT,3
TCTTATTAGCCGGCAT,3
TCTTATTAGGCGGGAT,3
TCTTATTAGGGGGCAT,3
TCTTCCGTTGGGAACT,3
TGACAAAAATACAAAT,3
TGACAACAAGACAAAT,3
TGAGTTCATAGATCCA,3
TGAGTTCATAGCCCCA,3
TGATCTGTGACATTAC,3
TGATCTGTGACATTTC,3
TGATCTGTGATATTGC,3
TGATCTGTGGCATTGC,3
TGATCTTCTACATTTA,3
TGATCTTTTACATTCA,3
TGATCTTTTGCATTTA,3
TGCCCATGCTGGTGAT,3
TGCGGAGCGCCCTTAC,3
TGGCCCGTAAGGACTA,3
TGGGAACATACATAAC,3
TGGTCCGATTCATGCT,3
TGGTCGGGACTCATCT,3
TGTAAGAGGCGTCACA,3
TGTCGTTTAGATAGTT,3
TGTGGAACGCCCTTAC,3
TGTGGAGCACCCTTAC,3
TGTGGAGCGCCCTTAT,3
TGTGGAGCGCCCTTGC,3
TGTGGAGCGCTCTTAC,3
TGTGTTGAATAGGCGA,3
TGTGTTGGCTTGGTTA,3
TTAAACAGTGTAGTTG,3
TTACGAATCTGATTCC,3
TTACGAATTTGATTCG,3
TTACGAATTTGATTCT,3
TTACGAATTTGGTTCC,3
TTAGATACTAGGACCA,3
TTATCTCTAGAGCGCT,3
TTATCTGTAGAGCCCT,3
TTATCTGTAGAGCGCA,3
TTATCTGTAGAGCGTT,3
TTATCTGTAGGGCGCT,3
TTATGAATTTGATTCC,3
TTCAATGTCGTAGGAT,3
TTCCGTGATACTCACA,3
TTCTGTCAAGACTCGT,3
TTCTGTCCAGAATCGT,3
TTGACTCAACGAATAA,3
TTGACTCACCGAAGAA,3
TTGACTCACCGAGTAA,3
TTGCAAAAAGCTTTAG,3
TTGCAAAAATTTTTAG,3
TTGCAATTGAAACAGA,3
TTGCATCAGTCGCGCC,3
TTGCTACTGAGTAGTA,3
TTGGGGAACGGAAAGC,3
TTGGGGAACGGTAAGC,3
TTGGGGGACGGGAAGC,3
TTGGGTAACGGGAAGC,3
TTGGTCCTGAGTAGTA,3
TTGTAAAAAGTTTTAG,3
TTGTATCAGTCGCGCA,3
TTGTATCAGTCGCGCT,3
TTGTATGAGTCGCGCC,3
TTGTTCCTGAGTAGTA,3
TTTACATCCAACACCA,3
TTTAGATTATAACGTA,3
TTTATATCCAACAACA,3
TTTATATCCAACACTA,3
TTTATATCCAACGCCA,3
TTTATATCCGACACCA,3
TTTATGTCCAACACCA,3
TTTCAGCGCTGTTTTG,3
TTTCAGCGTTGGTTTG,3
TTTCAGCGTTGTTGTG,3
TTTCGTGATAATCACA,3
TTTCGTGATACTCACT,3
TTTTGTGATACTCACA,3
AAAAAATGTATGACAA,2
AAAAAATTTATGACAT,2
AAAAAATTTATGACCC,2
AAAAAATTTATGATAA,2
AAAACTCTTTTCGTTC,2
AAACCAATAAGACCCC,2
AAACCCATAAGACCCT,2
AAACCCATAATACCCC,2
AAAGACCTTTAACCCT,2
AAAGACCTTTGACTCT,2
AAAGATCTTTTCGTTC,2
AAAGCTCTTTTAGTTC,2
AAAGCTTTTTTCGTTC,2
AAAGGCGCACCTTCAA,2
AAAGGCGCCCCTTCAA,2
AAAGGTTCCGACTAAG,2
AAATAAGCCAGCAAGA,2
AAATAATAGAACAGAG,2
AAATGCGCGCCTTCAA,2
AAATTCCGTCGCCTGA,2
AACAGAAATCCATGTA,2
AACAGAAGTCCATATA,2
AACAGAAGTCCATGTC,2
AACAGAAGTCGATGTA,2
AACAGACAATAAAAAA,2
AACCAATGTCATTTGA,2
AACCACCCAAGAGATG,2
AACCACCCAGTGACCG,2
AACCACCCCAGAGAGG,2
AACCACCGAATGACCG,2
AACCACCGAGTGACGG,2
AACCACGGAGTGACCG,2
AACCATACCGCGTTTA,2
AACCATCGAGTGACCG,2
AACCGCCGAGTGACCG,2
AACCGTACCGCGGTTA,2
AACCGTACCGCGTTGA,2
AACCGTACCGCGTTTT,2
AACCGTACCGCTTTTA,2
AACCGTACCTCGTTTA,2
AACGACAAACAGTAAT,2
AACGACAAACAGTGAG,2
AACGACAAACGGTAAG,2
AACGACAAATAGTAAG,2
AACGACAGACAGTAAG,2
AACGACGAACAGTAAG,2
AACGGAAGTTGCCAAG,2
AACGGTTCTGACTAAG,2
AACTGCATTCATCGAT,2
AACTGCGTTAATCGAT,2
AACTGCGTTCATAGAT,2
AACTGCGTTCATCAAT,2
AACTGCGTTCATCGCT,2
AACTGTTCCGACTAAG,2
AACTTAAGAGAAAGTT,2
AACTTACCTGACTGCT,2
AACTTCCCTGACAGCT,2
AACTTCCCTGACCGCT,2
AACTTCCCTGGCTGCT,2
AACTTCCGTCACCTGA,2
AACTTCCGTCGCATGA,2
AACTTCCGTCGCCTGT,2
AACTTCCGTCGTCTGA,2
AACTTCGCTGACTGCT,2
AACTTTCCTGACTGCT,2
AAGAAGACTTTGTGAC,2
AAGAAGACTTTGTTAT,2
AAGAAGCTATAAAAGT,2
AAGAAGCTATAGGAGT,2
AAGAATACTTTGTGAT,2
AAGAGAAGTCCATGTA,2
AAGATAAGAGAAAGTT,2
AAGATCGATTGAAGTT,2
AAGATTGAGTGAAGTT,2
AAGATTGATCGAAGTT,2
AAGATTGATTGGAGTT,2
AAGATTGGTTGAAGTT,2
AAGCGGTGATTTGATT,2
AAGGCTCTTTTCGTTC,2
AAGGGAAGAGAAAGTT,2
AAGGGGCCTCATAAGG,2
AAGGGGCCTCATAATT,2
AAGGGTCCTCATAATG,2
AAGTATTGCTAAACAT,2
AAGTATTGCTACACCT,2
AAGTGAAGAGAAAGGT,2
AAGTTAAGAGAACGTT,2
AAGTTACGAGAAAGTT,2
AAGTTAGTAGACACAC,2
AAGTTAGTAGACCCAT,2
AAGTTAGTAGACCCCC,2
AAGTTAGTAGACTCAC,2
AAGTTAGTATACCCAC,2
AAGTTAGTGGACCCAC,2
AAGTTATGAGAAAGTT,2
AATAGAAGTCCATGTA,2
AATAGATTATAACGTA,2
AATATTTGCGCTTCAA,2
AATCACCCCAGAGATG,2
AATCACTGGCACCCGT,2
AATCCGAAATTTAGTC,2
AATCGCCATCGACTTC,2
AATCGCCGGCACCCGT,2
AATCGCTGACACCCGT,2
AATCGCTGGCACCAGT,2
AATCGCTGGCACCCCT,2
AATGAAACAATCAAAC,2
AATGAAACAATCGAAT,2
AATGGGCCTCATAATG,2
AATTCCATAGGCATGG,2
ACAACACAAAAAATTA,2
ACAAGATTCAGGGGAC,2
ACAAGATTCGGGGAAC,2
ACAAGATTCGGGGCAC,2
ACAAGATTCGGGGGTC,2
ACAAGATTCGGGGTAC,2
ACAATCTGAACAATAC,2
ACAATCTGAACCAGAC,2
ACAATCTGAACCATAA,2
ACAATCTGAACCATGC,2
ACAGGATTCGGGGGAC,2
ACATATGATTTTCGAG,2
ACATATGATTTTCTAG,2
ACATCCTCAACTCCTA,2
ACATGTCTCCGAGCAA,2
ACATTCTGAACCATAC,2
ACATTTAACAGACGTA,2
ACCAGCAATGAGGTGT,2
ACCAGGAATGAGTTGT,2
ACCATCAATGAGTTGT,2
ACCATTGTACACACCA,2
ACCCAACGAGTGACCG,2
ACCCAATGAATCATCC,2
ACCCCATGCTGGGGAT,2
ACCCCCGTAGCTTGGC,2
ACCCTACAAATAGAAA,2
ACCCTGAAAATAGAAA,2
ACCCTGCAAATAGAAG,2
ACCCTGCAAATAGACC,2
ACCCTGCAAATAGGAA,2
ACCCTGCAGATAGAAA,2
ACCGAATGAACCATCC,2
ACCGAATGAAGCATCC,2
ACCGACAAACAGTAAG,2
ACCGATTGAATCATCC,2
ACCGGAAGTTGTCAAG,2
ACCGTTCTACACACCA,2
ACCGTTGTACACACAA,2
ACCGTTGTACACGCCA,2
ACCTAAAGGATCATGA,2
ACCTGTCTCCGAGCAA,2
ACGACGAGGCTACGTA,2
ACGAGCAATGAGTTGT,2
ACGCAAATAGACAGAA,2
ACGCATTAGCGGGAGG,2
ACGGATGATTTTCGAG,2
ACGGGTCTCCGAGCAA,2
ACGTATGACTTTCGAG,2
ACGTATGATGTTCGAG,2
ACGTATGATTTGCGAG,2
ACGTATGATTTTCGTG,2
ACGTCTCTCCGAGCAA,2
ACGTGTCTCCGGGCAA,2
ACGTGTCTCCTCGCAA,2
ACTACAAGGCTACGTA,2
ACTACGAGGCTGCGTA,2
ACTACGAGTCTACGTA,2
ACTAGCAATGAGTTGT,2
ACTCCGAATGGGGTAG,2
ACTCCGGCTCGCTAAT,2
ACTCTCGCTCGCTAAT,2
ACTCTGGCTCACTAAT,2
ACTCTGGCTCGCGAAT,2
ACTCTGGCTCGCTATT,2
ACTCTGTCTCGCTAAT,2
ACTGACTAGAAATTTT,2
ACTGAGTTAAGTTGTG,2
ACTGCGAGGCTACGTA,2
ACTGGAGAGAAATTTT,2
ACTGTCTAGAAATTTG,2
ACTGTCTAGAACTTTT,2
ACTGTCTAGCCCTTTT,2
ACTGTCTCTCCATTTT,2
ACTGTCTTGAAATTTT,2
ACTGTTGTACACACCA,2
AGAAAATCCCAGATAC,2
AGAAAATCTAAGATAC,2
AGAAAATCTCAGGTAC,2
AGAAAATCTCCGATAC,2
AGAAGTATGAAGAGCG,2
AGAGCTAAAAAGAAGA,2
AGAGCTAAAAAGACGA,2
AGAGCTAAAAAGAGAA,2
AGAGCTAAAAAGAGCA,2
AGAGCTGAAAAGAGGA,2
AGATACCAGGTCCTTT,2
AGATCTGTGACATTGC,2
AGATGAATTAAGTATG,2
AGCAGCAATGAGTTGT,2
AGCATAAGGATATGTG,2
AGCATACGGATATGTG,2
AGCATAGGGACATGTG,2
AGCATAGGGATAAGTG,2
AGCATCCAACAGATAG,2
AGCATCGAACAGATAG,2
AGCATCTAACAGATGG,2
AGCATCTAACAGGTAG,2
AGCCCATGCTCGGGAT,2
AGCCCATGCTGCGGAT,2
AGCCCATGCTGGAGAT,2
AGCCCATGCTGGCGAT,2
AGCCGAATTAAGTATG,2
AGCGAATGAATCATCC,2
AGCGGAAGTTGCCAAG,2
AGCGGTTCCGACTAAG,2
AGCTCCTGGGGTACCA,2
AGCTGAATTAAGTGTG,2
AGCTGAATTGAGTATG,2
AGCTTAATTAAGTATG,2
AGCTTCCGTCGCCTGA,2
AGGAAAGAAACTTGAG,2
AGGAAGCTATAGAAGT,2
AGGAGGATGAAGAGCG,2
AGGAGTACGAAGAGCG,2
AGGAGTATGAAAAGCG,2
AGGAGTATGAAGAACG,2
AGGAGTATGAAGAGCA,2
AGGATCATATCTAATA,2
AGGCCCGTAAGAACTA,2
AGGCCCTTAAGGACTA,2
AGGCGGTGATGTGATT,2
AGGTGAATTAAGTATG,2
AGGTGTCTCCGAGCAA,2
AGTAACACAAAATTCA,2
AGTATCACAGAATTCA,2
AGTATCATATCTAATA,2
AGTATCTAACAGATAG,2
AGTATTGAATAGGCGA,2
AGTATTTGCGCTTCAG,2
AGTATTTGCGCTTTAA,2
AGTATTTTCGCTTCAA,2
AGTCGGTTAGATAGTT,2
AGTCGTATAGATAGTT,2
AGTCGTTGAGATAGGT,2
AGTCGTTTAGACAGTT,2
AGTCGTTTAGATAATT,2
AGTCGTTTAGATATTT,2
AGTCGTTTGGATAGTT,2
AGTGTGGAATAGGCGA,2
AGTGTTGAATAGGAGA,2
AGTGTTGAATAGTCGA,2
AGTGTTGAGTAGGCGA,2
AGTGTTGGCTTGCTTA,2
AGTTAACGGCCTATCC,2
AGTTCCACAGGCATGG,2
AGTTCCATAGGCATGC,2
AGTTCCATAGTCATGG,2
AGTTGAATTAAGTATG,2
AGTTGGGGTCGCCCTT,2
AGTTGGGGTCTCCCGT,2
AGTTGGGTTCTCCCTT,2
AGTTGTGGTCTCCCTT,2
AGTTTTGAATAGGCGA,2
ATAAACGCATGTGCCA,2
ATAAAGTTTGTGCAAA,2
ATAACGTTTGTGCAGA,2
ATAACGTTTGTGTAAA,2
ATAACGTTTTTGCAAA,2
ATAAGCAAAGTTGACC,2
ATACACGAATGTGCCA,2
ATACACGCATGTGCAA,2
ATACACGCATGTTCCA,2
ATAGAAAATTATCCTC,2
ATAGGATATATGACTG,2
ATAGGATATATGGCTT,2
ATAGGATATATTGCTG,2
ATAGGGTATATGGCTG,2
ATATAAAAAACTTATT,2
ATCAGCAATGAGTTGT,2
ATCAGGATAATCACGC,2
ATGACTCACCGAATAA,2
ATGATCATATCTAATA,2
ATGCGGTGATGTGATT,2
ATGCTCCTGAGTAGTA,2
ATGGGATATATGGCTG,2
ATGGGATTGGATAAAC,2
ATGGGGAACGGGAAGC,2
ATGTATCAGTCGCGCC,2
ATGTCCATTAAGATCA,2
ATTAGATGAGAACGTA,2
ATTAGATTATAACCTA,2
ATTAGATTATAACGCC,2
ATTAGATTATAACGTG,2
ATTAGATTATGACGTA,2
ATTAGGGCTAAGTGAG,2
ATTAGGGCTACGTGAA,2
ATTAGGGCTACGTGAT,2
ATTAGGGCTACGTGCG,2
ATTAGTGCTACGTGAG,2
ATTATCACATCTAATA,2
ATTATCAGATCTAATA,2
ATTATCATATTTAATA,2
ATTCCGAAGGGGGTAG,2
ATTCCGAATAGGGTAG,2
ATTCCGAATGGGCTAG,2
ATTCCGAATGGGGCAT,2
ATTCCGAATGGGGTCT,2
ATTCGCTGGCACCCGT,2
ATTCGTGATACTCACA,2
ATTGCGAATGGGGTAG,2
ATTGGGGCTACGTGAG,2
ATTTTCTAGTACGCTT,2
ATTTTTCTATGGCTAT,2
CAAAACCTCGTTGTCT,2
CAAAAGCAGCACCTAG,2
CAAAAGCAGCACGAGA,2
CAAAAGTAGCACGATA,2
CAAAATCAGCACCTAG,2
CAAAATCTACCGCGAC,2
CAAAATTTACGGCGAC,2
CAAATAGTGATGAACA,2
CAAATGCCGCATTAGG,2
CAAATGCTACATTAGG,2
CAAATGCTGCATTAGT,2
CAAATTCTGCATTAGG,2
CAAGCACAGCGTAGGC,2
CAATAAGAAATACATA,2
CAATTAGAAAGACATA,2
CAATTAGAAATAGATA,2
CAATTAGGAATACATA,2
CAATTCGCCATTCCCC,2
CACAACCTCGTTGTCT,2
CACACAGAGTTTGTTG,2
CACCATCAGCACCCGT,2
CACCATCAGCACCTCT,2
CACCATCAGCACCTGG,2
CACCATGAGCACCTAG,2
CACCGCGCCGAGCACT,2
CACTGATAACCCTGCG,2
CAGAACCTCGTTGCCT,2
CAGAAGCTATAGAAGT,2
CAGAAGCTCGTTGTCT,2
CAGACCCTAGATGGTA,2
CAGACTCTAGAGCTCT,2
CAGAGGGATTCAACTC,2
CAGCATTAGCGGGAGG,2
CAGGAACATACATAAC,2
CAGGAGGCCTGGCCCC,2
CAGGCCCTAGAGCTCT,2
CAGGCTCTAAAGCTCT,2
CAGGCTCTAGAGCACT,2
CAGGGTCTAGAGCTCT,2
CAGGTTCTAGAGCTCT,2
CATATTAACGTAACAC,2
CATCCAAGGGACGGAC,2
CATCTTGGGGAGAGTC,2
CATGAGAATTGCCACT,2
CATGCAGAGTTTGTTG,2
CATGGGAATTGCAACT,2
CATGGGAATTGCCAAT,2
CATGGGAATTGCCACA,2
CATGGGAATTGCCACG,2
CATGGGAATTGCTACT,2
CATGTGGAGCCCAACC,2
CATGTGGAGCTCAACA,2
CATGTGGGGCCCAACA,2
CATTGGAATTGCCACT,2
CATTTAGAAATACATA,2
CCAAACAGTGTAGTTG,2
CCAACACAAAAAACTA,2
CCAACACAAAAAATTG,2
CCAACATAAAAAATTA,2
CCAATGCTGCATTAGG,2
CCATATGAAATAAGCT,2
CCCAATGAAATAAGCT,2
CCCAGCTCGTATCCCT,2
CCCCCGCTGTTTAGAA,2
CCCCTCCTCCAAAGTT,2
CCCCTCCTCTAAAGCT,2
CCCCTCCTCTAAATTT,2
CCCGGGTTAAGTTGTG,2
CCCTCATCAAGGGTAA,2
CCCTCCTCAAAGGTAA,2
CCCTCCTCAAGGTTAA,2
CCCTGCGAGGCTCGGG,2
CCCTGCGCGGCTAGGG,2
CCCTGCGCGGCTCGGT,2
CCCTTTAAGGATCTCT,2
CCCTTTACGGATATCT,2
CCCTTTACGGATCCCT,2
CCCTTTACGGATCTCG,2
CCCTTTACTGATCTCT,2
CCCTTTGCGCGCAGTC,2
CCGAACCTCGTTGTCT,2
CCGAACTTGTCGATAT,2
CCGCATTAGAGGGAGG,2
CCGCATTAGCGGTAGG,2
CCGTACCTGCAGTTGA,2
CCGTCCGTTGGGAACT,2
CCTAGGTATTATATGC,2
CCTGGCTTAAGTTGTG,2
CCTGGGTTATGTTGTG,2
CCTTGATGCATTTCCG,2
CCTTGATGCCTTCCCG,2
CCTTGATGGATTCCCG,2
CGAAAACATTAAAAAT,2
CGAAAACATTACAGAT,2
CGAAAACATTACCAAT,2
CGAACCCTAGATGGTA,2
CGAACCGCAGACACCT,2
CGAACCGCAGACACGC,2
CGAACCGCAGACATGT,2
CGAGCCGCAGACACGT,2
CGCACGTTACGAGACA,2
CGCACTTTACCAGACA,2
CGCACTTTACGAGAGA,2
CGCAGCATTGGTCTCC,2
CGCCCATGCTGGGGAT,2
CGCCGCGCCGAGCACC,2
CGCGCTTTACGAGACA,2
CGGACAGGGAATCAAA,2
CGGACCCTAGGTGGTA,2
CGGACCCTGGATGGTA,2
CGGACCCTTGATGGTA,2
CGGACCGCAGACACGT,2
CGGACCTTAGATGGTA,2
CGGACTTTACGAGACA,2
CGGAGGGATTCAACTC,2
CGGGAAATGTAAGTGA,2
CGGGAACATAAATAAC,2
CGGGAACATACAGAAC,2
CGGGAACATACATGAC,2
CGGGAATCCCCCATAC,2
CGGGAATCTCACATAC,2
CGGGGACAAGATCGTA,2
CGGGGACAAGATTGTT,2
CGGGGACGAGATTGTA,2
CGGGGGCAAGATTGTA,2
CGGGTACAAGATTGTA,2
CGGTAACATACATAAC,2
CGGTCAGCGATAACGG,2
CGGTCGGTACTCATCT,2
CGGTTTTGGTTCGAGG,2
CGTACAATGTAATCGA,2
CGTACAGTGTAGTCGA,2
CGTATAGTGTAATCGA,2
CGTGAATCTCCCATAC,2
CGTGCACCCTTCAGCA,2
CGTGGACAAGATTGTA,2
CGTGGGTTAAGTTGTG,2
CGTGTAACCTTCAGCA,2
CGTGTACCCTTTAGCA,2
CGTGTGGAGCCCAACA,2
CGTTCAGCGATAAGGG,2
CGTTCCATAGGCATGG,2
CGTTCCGCGATAACGG,2
CGTTCGGCGATAACGG,2
CGTTGAGCGATAACGG,2
CGTTTAGCGATAACGG,2
CTAAATCTACGGCGAC,2
CTAAGGGATTCAACTC,2
CTAATTTAAGTATCAT,2
CTAATTTAAGTGTCAA,2
CTACCTTAATCTACAG,2
CTAGCACACCGTAGGC,2
CTAGCACAGCATAGGC,2
CTAGCACAGCGGAGGC,2
CTAGCACAGCGTAAGC,2
CTAGCACAGCGTACGC,2
CTAGCACAGCGTATGC,2
CTAGCGCAGCGTAGGC,2
CTAGGACAGCGTAGGC,2
CTATAAACAGTTTGTA,2
CTATAAACCGTTTGGA,2
CTATAAACCGTTTGTG,2
CTATAAATTATAGTCT,2
CTATACCTGCAGTTGA,2
CTATATCGCCCGGAAG,2
CTATATTAATCTACAG,2
CTATATTGCCCGGACT,2
CTATATTGCCCGGTAG,2
CTATCTGTAGAGCGCT,2
CTATCTTAGTCTACAG,2
CTATGTAACAGACGTA,2
CTATTAGAAATACATA,2
CTATTTAACAAACGTA,2
CTATTTAACAGACCTA,2
CTATTTAACAGACGCA,2
CTATTTAACAGACGTC,2
CTATTTGACAGACGTA,2
CTCAAGGTCGTAGGAT,2
CTCAAGTTACGGATGG,2
CTCAATGTCGTACGAT,2
CTCAATGTCGTAGAAT,2
CTCAGCTGCCAATAAG,2
CTCCTAGGGGACGACT,2
CTCCTAGGGGACGGAC,2
CTCCTGGGGGACGATT,2
CTCTATGTCGTAGGAT,2
CTGAAATTATCTGTGG,2
CTGAACTTATCTGTTG,2
CTGAACTTATCTTTGG,2
CTGAACTTGTAGATAT,2
CTGAAGGATTCAACTC,2
CTGAGCTGACAATAAG,2
CTGAGCTGCCAATGAG,2
CTGAGCTGGCAATAAG,2
CTGAGGGATTCAACGC,2
CTGAGGGATTCAACTA,2
CTGATGGATTCAACTC,2
CTGCAAAAAGTTTTAG,2
CTGCACCTGCAGTTGA,2
CTGGAACATACATAAC,2
CTGGAATCTCCCATAC,2
CTGGCACAGCGTAGGC,2
CTGTACCTGCAGCTGA,2
CTGTACCTGCAGTTAA,2
CTGTACCTGCAGTTCC,2
CTGTACCTGCAGTTTC,2
CTGTATCTGCAGTTGA,2
CTGTATTGCCCGGAAG,2
CTTACAGAATACGAGA,2
CTTACGTATTATATGC,2
CTTAGATTATAACGTA,2
CTTAGGCTCTTGATTA,2
CTTAGGTATTATATCC,2
CTTAGTTATTACATGC,2
CTTATGTATTATATGC,2
CTTCACAGAACCTATC,2
CTTCGTCTCTTGATTA,2
CTTGTCTAGTACGCTT,2
CTTTAAATTATAGTAT,2
CTTTAAATTATAGTCA,2
CTTTAAATTATAGTCC,2
CTTTCAGCGATAACGG,2
CTTTGGCTCTTGATTA,2
CTTTTCTATTACGCTT,2
GAAAGCCCAGTGCAAT,2
GAAAGCCCCATGCAAT,2
GAAAGCCCCGTGTAAT,2
GAAAGCCCCTTGCAAT,2
GAAATGCGTATTGAGT,2
GAACCCATAAGACCCC,2
GAAGAAAATATAACCA,2
GAAGACCTTTAACTCT,2
GAAGTGCGCATTGAGT,2
GAAGTGCGCTGAATGA,2
GAAGTGCGTATCGAGT,2
GAAGTGCGTATTGACT,2
GAAGTGCGTATTGGGT,2
GAAGTGCGTATTGTCT,2
GAAGTGCGTATTTAGT,2
GAAGTGGAGCCCAACA,2
GAATAATAAAACAGAG,2
GAATAATAGAACAGCT,2
GAATAATAGAACATAG,2
GAATAATAGAATAGAG,2
GAATAATAGAGCAGAG,2
GAATCCTCAACTCCTA,2
GAATTCGCCGTTCCCC,2
GACACAGAAACCATGC,2
GACCGTACCGCGTTTA,2
GACGGGATAGGCACGT,2
GACGGGATGGGCACCT,2
GACGGGATGGGCATGT,2
GACGGGATGGGTACGT,2
GACGGGATTGGCACGT,2
GACGGGTAGAGATACG,2
GACTTCCGTCGCCTGA,2
GAGAGCCGCAGAAGCG,2
GAGAGCTGCATAAGCG,2
GAGAGCTGCGGAAGCG,2
GAGCATTGTCGGAAAG,2
GAGGGGATGGGCACGT,2
GAGGGGTAAAGATACG,2
GAGGGGTAGATATACC,2
GAGGTGCGTATTGAGT,2
GAGTAATAGAACAGAG,2
GAGTTAGTAGACCCAC,2
GATCATGGGGAGAGTC,2
GATCGCAATCGACTTC,2
GATCGCCATAGACTTC,2
GATCGCCATCGACTTA,2
GATCGCGCCGAGCACC,2
GATCGTGGGGAGAGTC,2
GATCTTGAGGAGAGTC,2
GATCTTGCTATGGATC,2
GATCTTGGAGAGAGTC,2
GATCTTGGGAAGAGTC,2
GATCTTGGGGAAAGTC,2
GATGGCCATCGACTTC,2
GATTTTGGGGAGAGTC,2
GCAAACAGCGTAGTTG,2
GCAAACAGTGTTGTTG,2
GCAAACATTTTAGTTG,2
GCAAATAGTGTAGTTG,2
GCAACGAGCTGTAACC,2
GCAACGAGGTATAACC,2
GCAACGAGGTGTAACT,2
GCAACGAGGTGTGACC,2
GCAACGAGGTTTAACC,2
GCAACGAGTTGTAACC,2
GCAAGCTTCATGGAGT,2
GCAATGAGGTGTAACC,2
GCAATTTACTGAAGGG,2
GCATAAAGGATCATGA,2
GCATACAGTGTAGTTG,2
GCATTTGCGCGCAGTC,2
GCCACTGCGGCGTGTG,2
GCCACTTACTGAAGGG,2
GCCAGATCGTATCCCT,2
GCCAGCAATGAGTTGT,2
GCCAGCGCGGTAAGAG,2
GCCAGCTCGTATCCTT,2
GCCAGCTTGTATCCCT,2
GCCATTGACTGAAGGG,2
GCCATTTACCGAAGGG,2
GCCATTTACTGAAGCG,2
GCCATTTACTGAAGGA,2
GCCATTTACTGAAGGT,2
GCCATTTACTGGAGGG,2
GCCCTTGCGCGCAGTC,2
GCCGGCTCGTATCCCT,2
GCCGTTGCGCGCAGTC,2
GCCTAAAGGATAATGA,2
GCCTAAAGGATCATTA,2
GCCTAAGCGTGGGTGG,2
GCCTGCGCGGCTCGGG,2
GCCTTTGCGCCCAGTC,2
GCCTTTGCGCGCACTC,2
GCCTTTGCGCGCAGGC,2
GCCTTTGCGCGCAGTG,2
GCCTTTGCGCGTATTC,2
GCCTTTTACTGAAGGG,2
GCGCAAATAGACCGAA,2
GCTATTTACTGAAGGG,2
GCTTATTAGGCGGCAT,2
GGAGTGCGTATTGAGT,2
GGATAATAGAACAGAG,2
GGCACTTTACGAGACA,2
GGCAGCTCGTATCCCT,2
GGGGAATCTCCCATAC,2
GGGGGGGGGGGGGGGG,2
GGTCCATCTCAGATCC,2
GGTCCATCTCAGTTCG,2
GGTCCATCTGAGATCG,2
GGTCCATGCTGGGGAT,2
GGTCCATTTCAGATCG,2
GGTCGCCATCGACTTC,2
GGTGCATCTCAGATCG,2
GGTTAAATTTGGAAGC,2
GGTTCATCTCAGATCG,2
GTAAGCAAAGTTGATC,2
GTAAGCAATGTTGACC,2
GTAAGCAGTGTAGTTG,2
GTAAGCCCCGTGCAAT,2
GTAAGCTCCATGGAGT,2
GTAAGCTTCATTGAGT,2
GTACAAACCAGCAAAT,2
GTACAAACCGGCAAAT,2
GTACAAACCTGCAAGT,2
GTACAAACCTGCAGAT,2
GTACAAACGTGCAAAT,2
GTACGAATTTGATTCC,2
GTAGAACTGCGGACCC,2
GTAGAACTGCGGTCCC,2
GTAGAACTGTGGCCCC,2
GTAGCGTGCCGGTCAT,2
GTATAAAAAACTTAGT,2
GTCAAGTTACGGATCT,2
GTCAAGTTACGTATGG,2
GTCATTTACTGAAGGG,2
GTCGCATCATGGAATG,2
GTCGCATCCCGGAATG,2
GTGAGCGAGAAAAGTA,2
GTGAGCGAGAAGAGCA,2
GTGAGCTGCAGAAGCG,2
GTGGGGAACGGGAAGC,2
GTGGTATCAAGACGGG,2
GTGTACCTGCAGTTGA,2
GTTAAGTTACGGATGG,2
GTTACTCCGACACGCC,2
GTTAGGTATTATATGC,2
GTTATTATGACTCCAT,2
GTTATTATGACTGCAT,2
GTTATTATGGCTTCAT,2
GTTATTATTACTTCAT,2
GTTGCTCCGACAGGCC,2
GTTTCTCCGACACGCC,2
TAAAAAGCCTCCACGA,2
TAAAAAGCCTCCATTC,2
TAAAAAGCCTCGATGA,2
TAAAAAGCCTGCATGA,2
TAAAGAGCCTCCATGA,2
TAAAGTGATTTCTCGA,2
TAACGACTCGACTAAC,2
TAATAAGCCATCAAGA,2
TAATAATAGAACAGAG,2
TAATAATGCCGTTGTC,2
TAATCTGTGACATTGC,2
TAATTCGCCGTTCCCC,2
TACAAATGTCATTTGA,2
TACAACTAACAGTGTT,2
TACAGAAGTCCATGTA,2
TACATACCGACGAAGT,2
TACATATCGACGCAGT,2
TACCAACGTCATTTGA,2
TACCAATGTCACTTGA,2
TACCAATGTCATATGA,2
TACCAATGTCATTGGA,2
TACCCATGCTGGGGAT,2
TACCCTACAAGCCACT,2
TACCCTGCAAGCCATT,2
TACCCTGCAAGCCGCT,2
TACCCTGCGAGCCACT,2
TACCGCGCCGAGCACC,2
TACCGTACCGCGTTTA,2
TACCGTGCAAGCCACT,2
TACCTGATGCGGAACG,2
TACCTGCTGCGGAACT,2
TACGACAAACAGTAAG,2
TACTAACAATAAAATC,2
TACTAATGTCGTTGTC,2
TACTCCTAACTAGCGA,2
TACTGATAACCCTACG,2
TACTGCGTTCATCGAT,2
TACTGGCAATAAAATC,2
TACTTCCCTGACTGCT,2
TAGAAGCTATAGAAGT,2
TAGCAATGTCGGAAAG,2
TAGCAATTGAAACATA,2
TAGCATTGTCGAAAAG,2
TAGCATTGTCGGAAAA,2
TAGCATTGTCGGAACT,2
TAGCCTGCAAGCCACT,2
TAGCGTTGTCGGAAAG,2
TAGTATTGTCGGAAAG,2
TATCCAAGGGACGGAA,2
TATCCAAGGGACTGAC,2
TATCCAAGGTACGGAC,2
TATCGAAGGGACGGAC,2
TATGGAGCGCCCTTAC,2
TATTAGAGTGAACGAT,2
TATTCCTAAATAGCGA,2
TATTCCTAACTAACGA,2
TATTCCTAACTGGCGA,2
TATTCGTAACTAGCGA,2
TCACTACTCGACTAAC,2
TCATGGGTATACGAGA,2
TCATGGGTGTATGAGA,2
TCATGGGTTTACGAGA,2
TCCACACACCTAGCTA,2
TCCAGCGCGGTAAGGG,2
TCCAGCGTGGTAAGAG,2
TCCTGCGCGGCTCGGG,2
TCGATTAATAGCCGGA,2
TCGATTACCAGCCGGA,2
TCGATTACTAGCCGAA,2
TCGCAATTGAAACATA,2
TCGCATTAGCGGGAGG,2
TCGCTCCTGAGTAGTA,2
TCGTATCAGTAGCGCC,2
TCGTCACACTACTGCT,2
TCGTCAGTTGGGAACT,2
TCGTCCGTTGGAAACT,2
TCGTCCGTTGGGAACC,2
TCGTCCGTTGGGGACT,2
TCGTCCGTTGTGAACT,2
TCGTCGCACCACTGCT,2
TCGTCGCACTACCGCT,2
TCGTCGCACTACTACT,2
TCGTCGCACTACTGAT,2
TCGTCGCACTACTGCA,2
TCTCAGAGTGAACGAT,2
TCTCAGCTCTTAGCAG,2
TCTCGCAGAACCTATC,2
TCTCGGCTCTTAGCCG,2
TCTGGAAACGATCCAC,2
TCTGGAACCGATCCCC,2
TCTGGAGCGCCCTTAC,2
TCTGTAGACGATCCCC,2
TCTTAGAGGGAACGAT,2
TCTTAGAGTGAATGAT,2
TCTTATAGTGAACGAT,2
TCTTATTACGCGGCAT,2
TCTTATTAGACGGCAT,2
TCTTATTAGGCGGCAG,2
TCTTATTAGTCTGCAT,2
TCTTATTGCCCGGAAG,2
TCTTGTTAGGCGGCAT,2
TGACAACAATAAAAAT,2
TGACAACAATACAACT,2
TGACAACAATGCAAAT,2
TGACCATGCTGGGGAT,2
TGACGAATTTGATTCC,2
TGAGTCCATAGCTCCA,2
TGAGTTAATAGCTCCA,2
TGAGTTCATAGCACCA,2
TGAGTTCATAGCTCAA,2
TGAGTTCATAGCTTCA,2
TGAGTTCATAGGTCCA,2
TGATCTGCGACATTGC,2
TGATCTGTGAAATTGC,2
TGATCTGTGACACTGC,2
TGATCTTTTACATTGA,2
TGATCTTTTATATTTA,2
TGATTTCATAGCTCCA,2
TGCAGCATTGGTCGCC,2
TGCCAATGTCATTTGA,2
TGGAATCATCACCGAT,2
TGGGAATCTCCCATAC,2
TGGGTTCATAGCTCCA,2
TGGTCCGCTCCATGCT,2
TGTAATAGACGTCACA,2
TGTAATAGGCGTAACA,2
TGTAATAGGCGTCACG,2
TGTCACAGAACCTATC,2
TGTGGAGCGCCCGGAC,2
TGTGGAGCGCCCTGAC,2
TGTGGAGCGCCCTTAG,2
TGTGGAGCGCCTTTAC,2
TGTGGAGCGTCCTTAC,2
TGTGGGAATTGCCACT,2
TGTGGTGGTCGATCCG,2
TGTTGTAATCCGAATA,2
TTAAGCAAAGTTGACC,2
TTAAGCTTCATGGAGT,2
TTACGAATTTGATTGC,2
TTACGGATTTGATTCC,2
TTACGTGATACTCACA,2
TTAGGAATTTGATTCC,2
TTAGGGAACGGGAAGC,2
TTAGTTCATAGCTCCA,2
TTATCCGTAGAGCGCT,2
TTATCTGCAGAGCGCT,2
TTATCTGTAGAAAGCT,2
TTATCTGTAGAGCGCG,2
TTATCTTAATCTACAG,2
TTCATATCCAACACCA,2
TTCCACAGAACCTATC,2
TTCTAATGCCGTTGTC,2
TTCTATCAGTCGCGCC,2
TTCTGTCCAGACCCGT,2
TTCTGTCCATCCTCGT,2
TTCTGTCCGGACTCGT,2
TTCTGTTCAGACTCGT,2
TTGAACTTGTCGATAT,2
TTGACGCACCGAATAA,2
TTGACTCACCCAATAA,2
TTGACTCACCGAATAG,2
TTGAGCGAGAAAAGCA,2
TTGAGGGATTCAACTC,2
TTGCAAAAAGTTGTAG,2
TTGCAAAAAGTTTTAT,2
TTGCAACTGAAACATA,2
TTGCAATTAAAACATA,2
TTGCAATTGAAACATG,2
TTGCAATTGGAACATA,2
TTGCAGAAAGTTTTAG,2
TTGCCCCTGAGTAGTA,2
TTGCGATTGAAACATA,2
TTGCTCCTGAGCAGTA,2
TTGCTCCTGAGTGGTA,2
TTGCTCCTGGGTAGTA,2
TTGGATCAGTCGCGCC,2
TTGGGGAACAGGAAGC,2
TTGGGGAACGGGAACT,2
TTGGGGAACGGGAGGC,2
TTGGGGAACGTGAAGC,2
TTGGGGAACTGGAAGC,2
TTGTATCAGGCGCGCC,2
TTGTATCAGTCACGCC,2
TTGTATCAGTCGCCCC,2
TTGTATCATTAGCGCC,2
TTGTATCGGTAGCGCC,2
TTGTATTGCCCGGAAG,2
TTGTCCGTTGGGAACT,2
TTGTCGCACTACTGCT,2
TTGTGTCAGTCGCGCC,2
TTTAGGTATTATATGC,2
TTTAGTGATACTCACA,2
TTTATATCTAACACCA,2
TTTATTATGACTTCAT,2
TTTCAATTGAAACATA,2
TTTCACAGAACCAATC,2
TTTCACAGAACCTATG,2
TTTCACAGAGCCTATC,2
TTTCACTGAACCTATC,2
TTTCAGCGTTGTGTTG,2
TTTCAGCGTTGTTTCG,2
TTTCAGCGTTGTTTGG,2
TTTCAGCTTTGTTTTG,2
TTTCAGTGTTGTTTTG,2
TTTCATCGTTGTTTTG,2
TTTCATGATACTCACA,2
TTTCGTGATACCCACA,2
TTTCGTGATGCTCACA,2
TTTGACAGAACCTATC,2
TTTGCTCCGACACGCC,2
TTTTAGAGTGAACGAT,2
TTTTATCAGTCGCGCC,2
AAAAAACTTATGACAA,1
AAAAAAGGTATGACAA,1
AAAAAATTCATGACAA,1
AAAAAATTTATGACAG,1
AAAAAGACTTTGTGAT,1
AAAAAGCAGCACGATA,1
AAAACACAAAAAATTA,1
AAAACCATAAGACCCC,1
AAACCATGCTGGGGAT,1
AAACCCAGAAGACCCC,1
AAACCCATAAGAACCC,1
AAACCCATAAGACCGC,1
AAACCCATAAGGCCCC,1
AAACCCATACTCCCCC,1
AAACCGATAAGACCCC,1
AAACGTACCGCGTTTA,1
AAAGACCTTAAACTCT,1
AAAGACCTTTAACTCC,1
AAAGATCTTCTCGTTC,1
AAAGCACAGCGTAGGC,1
AAAGCCATAAGACCCC,1
AAAGCCCTTTTCGTTC,1
AAAGCTCTTTTCCTTC,1
AAAGCTCTTTTCGCTC,1
AAAGCTCTTTTCGTAC,1
AAAGCTCTTTTCGTGC,1
AAAGCTGTTTTCGTTC,1
AAAGGATATATGGCTG,1
AAAGGCGCGCATTCAA,1
AAAGGCGCGCCCTCAA,1
AAAGGCGCGCCTTCAT,1
AAAGGCGCGCCTTCCA,1
AAAGGCGCGTCTTCAA,1
AAAGGCGCTCCTTCAA,1
AAAGGCGTGCCTTCAA,1
AAAGGCTCGCCTTCAA,1
AAAGGGGTGAGGACAA,1
AAAGGTGCGCCTTCAA,1
AAAGTCACAATATCCA,1
AAAGTGCGTATTGAGT,1
AAAGTTCTTTTCGTTC,1
AAATACCTTTAACTCT,1
AAATGCGTTCATCGAT,1
AAATTCACAATAGCCA,1
AAATTCACAATATCCG,1
AAATTGACAATATCCA,1
AAATTTACAATATCCA,1
AACAACAAACAGTAAG,1
AACAGAAGACCATGTA,1
AACAGAAGGCCATGGA,1
AACAGAAGTCCAAGTA,1
AACAGAAGTCCAGGGA,1
AACAGAAGTCCTTGTA,1
AACATTTACTGAAGGG,1
AACCAACCCAGAGATG,1
AACCACCACAGAGATG,1
AACCACCCCAGAAATG,1
AACCACCCTAGAGATG,1
AACCACCGAGTCACCG,1
AACCACCGAGTGACCC,1
AACCACCTCAGAGATG,1
AACCGCACCGCGTTTA,1
AACCGGACCGCGTTTA,1
AACCGTACCCCGTTTA,1
AACCGTACCGCATTTA,1
AACCGTACCGCGTCTA,1
AACCGTACCGCGTTCA,1
AACCGTACCGGGTTTA,1
AACCGTACGGCGTTTA,1
AACCGTATCGCGTTTA,1
AACCTACGAGAAGTAA,1
AACCTACGAGACGTAG,1
AACCTGCTGCGGAACG,1
AACGAAACAATCGAAC,1
AACGACAAACAGCAAG,1
AACGACAAACAGTAAC,1
AACGACAAACAGTACT,1
AACGACAAACCGTAAG,1
AACGACAAACCGTCAG,1
AACGACCGAGTGACCG,1
AACGATAAACAGTATG,1
AACGGCAAACAGTAAG,1
AACGGGATGGGCACGT,1
AACGGGCTAATGTCTC,1
AACGGTTACGACTAAG,1
AACGGTTCCGACTAAT,1
AACGGTTCCGACTACT,1
AACGGTTCCTACTAAG,1
AACGTCCCTGACTGCT,1
AACTAATGCCGTTGTC,1
AACTACCGAGTGACCG,1
AACTACGTTCATCGAT,1
AACTATTGCTACACAT,1
AACTCCCGTCGCCTGA,1
AACTGAAGTCCATGTA,1
AACTGAGTTCATCGAT,1
AACTGCCTTCATCGAT,1
AACTGCGCGGTAAGAG,1
AACTGCGGTCATCGAT,1
AACTGCGTTCATCGAC,1
AACTGCGTTCATCGTT,1
AACTGCTTTCATCGAT,1
AACTGTACCGCGTTTA,1
AACTTCACAATATCCA,1
AACTTCAGTCGCCTGA,1
AACTTCCATCGCCTGA,1
AACTTCCCAGACTGCT,1
AACTTCCCTGACTGGT,1
AACTTCCCTGATTGCT,1
AACTTCCCTGTCTGCT,1
AACTTCCCTTCCTGCT,1
AACTTCCGCCGCCTGA,1
AACTTCCGTAGCCTGA,1
AACTTCCGTCGACTGA,1
AACTTCCGTCGCAGGA,1
AACTTCCGTCGCCCTA,1
AACTTCCGTCGGCTGA,1
AACTTTCGTCGCCTGA,1
AAGAAACTATAGAAGT,1
AAGAAGACCTTGTGAT,1
AAGAAGACGTGGTGAT,1
AAGAAGACGTTGTGAT,1
AAGAAGACTCTGTGAT,1
AAGAAGACTTTGTAAT,1
AAGAAGACTTTGTGAG,1
AAGAAGAGATAGAAGT,1
AAGAAGCCATAGAAGT,1
AAGAAGCGAGAGAAGT,1
AAGAAGCTAGAGAAGT,1
AAGAAGCTATGGAAGT,1
AAGAAGTTATAGAAGT,1
AAGACTAGTAGAGTAT,1
AAGAGGACTTTGTGAT,1
AAGAGTGAGTGAAGGT,1
AAGATTGAGGGAAGTT,1
AAGATTGATTGAAGTG,1
AAGATTGATTGAGGTT,1
AAGATTGTTTGAAGTT,1
AAGCCCAGCGTGTGAT,1
AAGCCGTGATGTGATT,1
AAGCGGCGATGTGATT,1
AAGCGGGGAGGGGATT,1
AAGCGGTGACGTGATT,1
AAGCGGTGATGCGATT,1
AAGCGGTGATGGGATT,1
AAGCGGTGATGTCATT,1
AAGCGGTGATGTGACT,1
AAGCGGTGATGTGGTT,1
AAGCGGTGATTTGAGT,1
AAGCGTTGATGTGATT,1
AAGCTGTGATGTGATT,1
AAGGACCTCGTTGTCT,1
AAGGAGCCTCATAATG,1
AAGGAGCTATAGAAGT,1
AAGGCCCACGGGCATA,1
AAGGGAAGAGAAAGGT,1
AAGGGCGCGCCTTCAA,1
AAGGGGATGGGCACGT,1
AAGGGGCCACATAATG,1
AAGGGGCCCCATAATG,1
AAGGGGCCTAATAATG,1
AAGGGGCCTCACAATG,1
AAGGGGCCTCAGAATG,1
AAGGGGCCTCATAACG,1
AAGGGGCCTCATAATC,1
AAGGGTCTTCATAATG,1
AAGGGTTAGAGATACG,1
AAGGTGCCTCATAATG,1
AAGGTTGATTGAAGTT,1
AAGTATCGCTACACAT,1
AAGTATGGCTACACAT,1
AAGTATTCCTACACAT,1
AAGTATTGATACACAT,1
AAGTATTGCGACACAT,1
AAGTATTGCTACAAAT,1
AAGTATTGCTACAGAT,1
AAGTATTGCTACGCAT,1
AAGTCAGTAGACCCAC,1
AAGTGTTGCTACACAT,1
AAGTTAAGAGTAAGTT,1
AAGTTAAGATCAAGTC,1
AAGTTAGTAGACCAAC,1
AAGTTAGTAGACCCAA,1
AAGTTAGTAGACCTAC,1
AAGTTAGTAGATCCAC,1
AAGTTAGTAGGCCCAC,1
AATAAGACTTTGTGAT,1
AATAAGCTATAGAAGT,1
AATACGAAATTTATTC,1
AATAGCTGGCACCCGT,1
AATATTGATTGAAGTT,1
AATCCGAAAGGTATTC,1
AATCCGAAAGTTATTC,1
AATCCGAAATTTATTA,1
AATCCGAAATTTATTG,1
AATCCGAAATTTATTT,1
AATCCGAAATTTGTTC,1
AATCGCTAGCACCCGT,1
AATCGCTGGAACCCGT,1
AATCGCTGGCACCCGG,1
AATCGCTGGCACCTGT,1
AATCGCTGGCAGCCGT,1
AATCGCTGGGACCCGT,1
AATCGCTGGTACCCGT,1
AATCGCTTGCACCCGT,1
AATCGTACCGCGTTTA,1
AATCTGGCTCGCTAAT,1
AATGAAACAAGCGAAC,1
AATGAAACAATCGAAG,1
AATGAAACAATTGAAC,1
AATGAAAGAATCGAAC,1
AATGAAGCAATCGAAC,1
AATGAGACAATCGAAC,1
AATGTTGAATAGGCGA,1
AATTATTGCTACACAT,1
AATTGCGTTCATCGAT,1
AATTGCTGGCACCCGT,1
AATTTCCCTGACTGCT,1
AATTTCTGATGAATTG,1
ACAAAATCTCAGATAC,1
ACAAAATTTATGACAA,1
ACAAAGTCTCGAGGAG,1
ACAAATTCTCGAGAAG,1
ACAACACAAACAATTA,1
ACAACATTCGGGGGAC,1
ACAACGTTTGTGCAAA,1
ACAAGATCCGGGGGAC,1
ACAAGATGAACCATAC,1
ACAAGATTCGGCGGAC,1
ACAAGATTCGGGAGAC,1
ACAAGATTCGGGCGAC,1
ACAAGATTGGGGGGAC,1
ACAAGCTTGGCGCATC,1
ACAAGGTTCGGGGGAC,1
ACAATATTCGGGGGAC,1
ACAATCAGAACCATAC,1
ACAATCCGAACCATAC,1
ACAATCGGGGGCTAAA,1
ACAATCTAAACCATAC,1
ACAATCTGAAACATAC,1
ACAATCTGAACCACAC,1
ACAATCTGAACTATAC,1
ACAATCTGGACCATAC,1
ACAATTTGAACCATAC,1
ACACAAATAGACCGAA,1
ACACCCGGAGCTTGGC,1
ACACTGCAAATAGAAA,1
ACAGGAAGTTGCCAAG,1
ACAGTCCACCATTGCG,1
ACAGTCTAGAAATTTT,1
ACATTTTCCAACAGGT,1
ACATTTTCCAATAGCT,1
ACCAACAATGAGTTGT,1
ACCAAGTTACGGATGG,1
ACCACCAATGAGTTGT,1
ACCACCGGAGCTTGGC,1
ACCAGCAATGAGCTGT,1
ACCAGCAATGAGTGGT,1
ACCAGCAATGAGTTTT,1
ACCAGCAATTAGTTGT,1
ACCAGCAATTCGTTGT,1
ACCAGCGATGAGTTGT,1
ACCAGCTATGAGTTGT,1
ACCAGTAATGAGTTGT,1
ACCCACCGAGTGACCG,1
ACCCACGGAGCTTGGC,1
ACCCCAGGAGCTTGGC,1
ACCCCCGAAGCTTGGC,1
ACCCCCGGAGCTTGTC,1
ACCCCCGGATCTTGGC,1
ACCCTGCAAATATAAA,1
ACCCTGCAAATGGAAA,1
ACCCTGTAAATAGAAA,1
ACCCTTCAAATAGAAA,1
ACCGAACGAATCATCC,1
ACCGAATAAATCATCC,1
ACCGAATCAATCATCC,1
ACCGAATGAATCACCA,1
ACCGAATGAATCAGCC,1
ACCGAATGAATCATTC,1
ACCGAATGAATCCTCC,1
ACCGAATGAATCGTCC,1
ACCGAATGAATCTTCC,1
ACCGAATGAATGATCC,1
ACCGAATGACTCATCC,1
ACCGAATGATTCATCC,1
ACCGAATGTATCATCC,1
ACCGAATTCCCCCTCC,1
ACCGATGTACACACCA,1
ACCGATTCGCGAATAA,1
ACCGCCGGAGCTTGGC,1
ACCGGAAGCTGCCAAG,1
ACCGGAAGTTGCCAAC,1
ACCGGAAGTTGCCACG,1
ACCGGAAGTTGCCAGG,1
ACCGGAAGTTGGCAAG,1
ACCGGAGGGGGCAGAG,1
ACCGGATGAATCATCC,1
ACCGTAAGTTGCCAAG,1
ACCGTCGTACACACCA,1
ACCGTGCAAATAGAAA,1
ACCGTTGCGCGCAGTC,1
ACCGTTGGACACACCA,1
ACCGTTGTACACAACA,1
ACCGTTGTACACACCT,1
ACCGTTGTACACAGCA,1
ACCGTTGTACACATCA,1
ACCGTTGTACATACCA,1
ACCGTTGTACGCACCA,1
ACCGTTGTATACACCA,1
ACCTATGATTTTCGAG,1
ACGAAAATAGACCGAA,1
ACGAAGTCTCGAGAAG,1
ACGAGTATGAAGAGCG,1
ACGATCTGAACCATAC,1
ACGCAAATAGACCGCA,1
ACGCAAATAGACCGGA,1
ACGCAAATAGATCGAA,1
ACGCAAATATACCGAA,1
ACGCGAATAGACCGAA,1
ACGCGCACGTTTAGAG,1
ACGGTCTAGAAAGTGT,1
ACGTACCTGCAGTTGA,1
ACGTAGGATTTTCGAG,1
ACGTATCATTTTCGAG,1
ACGTATGAAATAAGCT,1
ACGTATGAGTTTCGAG,1
ACGTATGATATTCGAG,1
ACGTATGATTTTCGCT,1
ACGTATGATTTTGGAG,1
ACGTATTGCTACACAT,1
ACGTCGCACTACTGCT,1
ACGTGCCTCCGAGCAA,1
ACGTGGGTGTACGAGA,1
ACGTGTCACCGAGCAA,1
ACGTGTCGCCGAGCAA,1
ACGTGTCTACAAGCAA,1
ACGTGTCTATGAGCAA,1
ACGTGTCTCCCCTCAA,1
ACGTGTCTCCGACCAA,1
ACGTGTCTCCGATTAA,1
ACGTGTCTCGGAGCAA,1
ACGTGTCTGCGAGCAA,1
ACGTGTGTCCGAGCAA,1
ACGTGTTTCCGAGCAA,1
ACGTTAAGAGAAAGTT,1
ACTACACAAAAAATTA,1
ACTACAGAGTTTGTTG,1
ACTACGAGGAGACGTA,1
ACTACGAGGCGACGTA,1
ACTACGAGGCTACCTA,1
ACTACGAGGCTACGTC,1
ACTACGAGGCTACGTG,1
ACTACGAGGTTACGTA,1
ACTACGATGCTACGTA,1
ACTCTGAATCGCTAAT,1
ACTCTGGCTCCCTAAT,1
ACTCTGGCTCGCAAAT,1
ACTCTGGCTCGCTAAA,1
ACTCTGGCTCGCTAAC,1
ACTCTGGCTCGCTACT,1
ACTCTGGCTCGCTGAT,1
ACTCTGGCTGGCTAAT,1
ACTCTGGTTCGCTAAT,1
ACTGAGAGGCTACGTA,1
ACTGTCTAGAAAGGGG,1
ACTGTCTAGAAAGGTT,1
ACTGTCTAGAAAGTGT,1
ACTGTCTAGAAAGTTG,1
ACTGTCTAGAAATTAG,1
ACTGTCTAGAAATTAT,1
ACTGTCTAGACCTTTT,1
ACTGTCTCTCCCTTTT,1
ACTGTGGAGCCCAACA,1
ACTGTGGCTCGCTAAT,1
ACTGTTGGGAAAGTTG,1
ACTTCCATTAAGATCA,1
ACTTGGGGTCTCCCTT,1
ACTTTTCTCCGAGCAA,1
AGAAAACCTCAGATAC,1
AGAAAAGCCGCCATGA,1
AGAAAAGCCTCCATGA,1
AGAAAAGCTCAGATAC,1
AGAAAATCGCAGATAC,1
AGAAAATCTCACATAC,1
AGAAAATCTCAGATCG,1
AGAAAATCTCAGTTAC,1
AGAAAATCTGAGATAC,1
AGAAAATCTTAGATAC,1
AGAAATAAAAAGAGGA,1
AGAAATCTACGGCGAC,1
AGAACATGCTGGGGAT,1
AGAACCCTAGATGGTA,1
AGAAGATTCGGGGGAC,1
AGAATCTGAACCATAC,1
AGACAACAATACAAAT,1
AGACCATACTGGGGAT,1
AGACCCATAAGACCCC,1
AGACCCCCAGTTTCGT,1
AGACCGCCATTTTCGT,1
AGACCTAAAAAGAGGA,1
AGACGGCCAGTTTCGT,1
AGACGTTTAGATAGTT,1
AGAGACATCGCCCTTT,1
AGAGCGTGCCGGTCAT,1
AGAGCTAAAAAAAGGA,1
AGAGCTAAAAAGAGCC,1
AGAGCTAAAAAGAGGC,1
AGAGCTAAAAAGAGGT,1
AGAGCTAAAAATAGGA,1
AGAGCTAAAAATATGA,1
AGAGCTAAAACGAGGA,1
AGAGCTAAACCGCGGA,1
AGAGCTAAACCTAGGA,1
AGAGCTAACAAGAGGA,1
AGAGCTTAAAAGAGGA,1
AGAGGCGCGCCTTCAA,1
AGAGTTAACAGACGTA,1
AGATCCCAGATCCTTT,1
AGATCTTTACGAAAAA,1
AGATCTTTTACATTTA,1
AGCAAAATAAAATAGT,1
AGCAGAGGGAGATGTG,1
AGCAGAGGGATAGGTG,1
AGCAGCTAACAGATAG,1
AGCATACCGACGCAGT,1
AGCATAGGCATATGTG,1
AGCATAGGGATAGGGG,1
AGCATAGGGATATGAG,1
AGCATAGGGATGGGTG,1
AGCATATAACAGATAG,1
AGCATCTAACAGATAA,1
AGCATCTAACAGATAT,1
AGCATCTAACAGATCG,1
AGCATCTAAGAGATAG,1
AGCATCTAGCAGATAG,1
AGCATGTAACAGATAG,1
AGCATTGGGATATGTG,1
AGCCACCCCAGAGATG,1
AGCCCAAGCTGGGGAT,1
AGCCCACGCTGGGGAT,1
AGCCCAGGCGGGGGAT,1
AGCCCATGCAGGGGAT,1
AGCCCATGCTGGGGAG,1
AGCCCATGCTTTTGAT,1
AGCCCCGTAAGGACTA,1
AGCCCGTGCTGGTGAT,1
AGCCGATGCTGGGGAT,1
AGCCGTACCGCGTTTA,1
AGCCTCTCCCCTCTAG,1
AGCGACATAGCCCTTT,1
AGCGACATCACCCTTT,1
AGCGACATCGCCCTCT,1
AGCGCATGCTGGGGAT,1
AGCGCTAAAAAGAGGA,1
AGCGCTCCCCCCCTGA,1
AGCGGAATTAAGTATG,1
AGCGGTGGTCGATCCG,1
AGCTAAATTAAGTATG,1
AGCTCATGCTGGGGAT,1
AGCTCATGGGGTATCA,1
AGCTCCCGGGGTATCA,1
AGCTCCTGGGATATCA,1
AGCTGAATTAAGGATG,1
AGCTGAATTAAGTACG,1
AGCTGAATTAAGTACT,1
AGCTGAATTAAGTAGG,1
AGCTGAATTAATTATG,1
AGCTGAGTTAAGTATG,1
AGCTGCGTTCATCGAT,1
AGCTGGATTAAGTATG,1
AGGAAAGAAACTGGCG,1
AGGAAATAAACTGGAG,1
AGGAACGTAAGGACTA,1
AGGAAGAAGGGGGTAG,1
AGGAAGACTTTGTGAT,1
AGGAAGGAAACTGGAG,1
AGGAATATAGTTGGCA,1
AGGAATATGAAGAGCG,1
AGGAGGGGGGAGAGGG,1
AGGAGTAAGAAGAGCG,1
AGGAGTATGAAGACCG,1
AGGAGTGTGGAGAGTG,1
AGGAGTTTAGATAGTT,1
AGGCCAGGGAATCAAA,1
AGGCCCGGAAGGACTA,1
AGGCCCGTAAGGACCA,1
AGGCCCGTAAGGACTT,1
AGGCCCGTAAGGAGTA,1
AGGCCCGTAAGGATTA,1
AGGCCCGTGAGGACTA,1
AGGCGCGTAAGGACTA,1
AGGCGTTTAGATAGTT,1
AGGGCCGTAAGGACTA,1
AGGGGGCCTCATAATG,1
AGGGTTGGCTTGGTTA,1
AGGTCCGCTTCATGCT,1
AGGTCGGGACTCATCT,1
AGTAAAAAAGAATTCA,1
AGTAAAACAGCATTCA,1
AGTAACACAGAAGGAA,1
AGTAACACAGATTTCA,1
AGTAACACATCCTTCA,1
AGTAACACTGAATTCA,1
AGTAACTCAGAATTCA,1
AGTAATAGGCGTCACA,1
AGTACTATAGTTGGCA,1
AGTAGATTATAACGTA,1
AGTATTTGCACTTCAA,1
AGTATTTGCGATTCAA,1
AGTATTTGCGCCTCAA,1
AGTATTTGCGCTCCAA,1
AGTATTTGCGCTTCAT,1
AGTATTTGCGCTTCGA,1
AGTATTTGCGTTTCAA,1
AGTATTTGGGCTTCAA,1
AGTCACACAGAATTCA,1
AGTCCCGTAAGGACTA,1
AGTCCTTTAGATAGTT,1
AGTCGCTTAGATAGTT,1
AGTCGGGGAGATAGTT,1
AGTCGTTTAGAAAGTT,1
AGTCGTTTAGATAGTA,1
AGTCGTTTTGATAGTA,1
AGTCGTTTTGATAGTT,1
AGTCTTGGGGAGAGTC,1
AGTGAAACAATCGAAC,1
AGTGCCTAGAAATTTT,1
AGTGGTGGCTTGGTTA,1
AGTGTCGGCTTGGTTA,1
AGTGTTAGCTTGGTTA,1
AGTGTTCAATAGGCGA,1
AGTGTTCGCTTGGTTA,1
AGTGTTGAATAGAAGA,1
AGTGTTGAATTGGCGA,1
AGTGTTGGATGGGTTA,1
AGTGTTGGCGTGGTTA,1
AGTGTTGGCTGGGTTA,1
AGTGTTGGCTTGATTA,1
AGTGTTGGCTTGGTGA,1
AGTGTTGGCTTGTTTG,1
AGTGTTTAATAGGCGA,1
AGTGTTTGCTTGGTTA,1
AGTTCAATAGGCATGG,1
AGTTCCATAAGCATGG,1
AGTTCCATACGCATGG,1
AGTTCCATAGGCATCT,1
AGTTCCATAGGCGTGG,1
AGTTCCATATTCCTGG,1
AGTTCCTAACTAGCGA,1
AGTTCGATAGGCATGG,1
AGTTCGGGTCTCCCTT,1
AGTTCTATAGGCATGG,1
AGTTGGGGTCTCCCCT,1
AGTTGGGGTTTCCCTT,1
AGTTGGTGTCTCCCTT,1
AGTTGTTTAGATAGTT,1
AGTTGTTTAGATGGTT,1
AGTTTGGGTCTCCCTT,1
ATAACGCTTGTGCAAA,1
ATAACGTTTGCGCAAA,1
ATAACGTTTGGGCAAA,1
ATAACGTTTGTGAAAA,1
ATAACGTTTGTTCAAA,1
ATAAGATTATAACGTA,1
ATAAGGATAATCGCGC,1
ATAAGGGCTACGTGAG,1
ATAAGGTTTGTGCAAA,1
ATAATCTGAACCATAC,1
ATACAAGCATGTGCCA,1
ATACACACATGTGCCA,1
ATACACGCATATGCCA,1
ATACACGCATGTACCA,1
ATACACGCATGTGACA,1
ATACACGCATGTGCGA,1
ATACATGCATGTGCCA,1
ATAGAAAATTATCAGC,1
ATAGAAAATTATCCAC,1
ATAGAAAATTATCTGC,1
ATAGCAAAGATATACC,1
ATAGGATACATGGCTG,1
ATAGGATAGATGGCTG,1
ATAGGATATACGGCTG,1
ATAGGATATATGGCGG,1
ATAGGATATATGGTTG,1
ATAGGATATATTTCTG,1
ATAGTATATATGGCTG,1
ATATAAAAAACGTAGT,1
ATATAAAAAACTGAGT,1
ATATAAAAAACTTACT,1
ATATAAAAAACTTAGC,1
ATATGATATATGGCTG,1
ATCAAGTTACGGATGG,1
ATCACCATATCTAATA,1
ATCAGAAGTCCATGTA,1
ATCAGGAGAATCGCGC,1
ATCAGGATAATCGCAC,1
ATCAGGATAATCGCGA,1
ATCAGGATAATCGCGT,1
ATCATCTAACAGATAG,1
ATCCGATTTAAATGCA,1
ATCGACATCGCCCTTT,1
ATCTGAATTAAGTATG,1
ATGACGTTTGTGCAAA,1
ATGAGATTATAACGGA,1
ATGAGCAGATCTAATA,1
ATGAGCGAGAAAAGCA,1
ATGAGGGCTACGTGAG,1
ATGCACGCATGTGCCA,1
ATGCATAGATGTAATC,1
ATGCCCGTAAGGACGA,1
ATGCCGAATGGGGTAG,1
ATGGCCCAAGGGCATA,1
ATGGCCCACGGGAATA,1
ATGTATCAGTTGCGCC,1
ATTAAATTATAACGTA,1
ATTAACATATCTAATA,1
ATTACAGAATACTAGA,1
ATTACATTATAACGTA,1
ATTACGAGGCTACGTA,1
ATTAGAAGATCTAATA,1
ATTAGATTATAACGTC,1
ATTAGATTATCACGTA,1
ATTAGCATATCTAATA,1
ATTAGGACTACGTGAG,1
ATTAGGGCCACGTGAG,1
ATTAGGGCTACGTCAG,1
ATTAGGGCTACGTGCT,1
ATTAGGGCTACGTGGG,1
ATTAGGGCTAGGTGAG,1
ATTAGGGCTGCGTGAG,1
ATTAGGGCTTCGTGAG,1
ATTAGGGTTACGTGAG,1
ATTAGGTTATAACGTA,1
ATTATCACAGAATTCA,1
ATTATCATAGAGAATA,1
ATTATCATATCGAATA,1
ATTATCATATCTAAAA,1
ATTATCATATCTAAAT,1
ATTATCATATCTAAGG,1
ATTATCATATCTATTA,1
ATTATCATATCTTATA,1
ATTATCATTTCTAATA,1
ATTATCGTAGCTAATA,1
ATTATGATATCTAATA,1
ATTATGGCTACGTGAG,1
ATTCCATGCTGGGGAT,1
ATTCCCAATGGGGTAG,1
ATTCCGAAAGGGGTAG,1
ATTCCGAATGAGGTAG,1
ATTCCGAATGCGGTAG,1
ATTCCGAATTTGGTAG,1
ATTCCGAATTTGTTAG,1
ATTCCGGATGGGGTAG,1
ATTCGGAATGGGGTAG,1
ATTCTTCTATGGCTAC,1
ATTGCTCCGACACGCC,1
ATTGTCGGGGAGGGTG,1
ATTGTTATGGATAGTG,1
ATTGTTGAATAGGCGA,1
ATTTACCCATTATACG,1
ATTTATGATTTTCGAG,1
ATTTCGAATGGGGTAG,1
ATTTTCATATCTAATA,1
ATTTTCCTATGGCTAC,1
ATTTTTCTAAGGCTAC,1
ATTTTTCTACGGCGAC,1
ATTTTTCTACGGCTAC,1
ATTTTTCTATGGCGAC,1
ATTTTTCTATGGCTGC,1
ATTTTTCTATGTCTAC,1
CAAAAGAGACGGCGAC,1
CAAAAGATACGGCGAC,1
CAAAAGCAGCAAGATA,1
CAAAATCGACGGCGAC,1
CAAAATCTACGACGAC,1
CAAAATCTACGGCCAC,1
CAAAATCTACGTTGAC,1
CAAAATCTACTTCGAC,1
CAAAATCTAGGGCGAC,1
CAAAATGTACGGCGAC,1
CAAACAGAGTTTGTTG,1
CAAACCGCAGACACGT,1
CAAATGCTCCATTAGG,1
CAAATGCTGCATAAGG,1
CAAATGCTGCATCAGG,1
CAAATGCTGCGTTAGG,1
CAAATGCTGTATTAGG,1
CAAATGCTTCATTAGG,1
CAAATGGTGCATTAGG,1
CAAATGTTGCATTAGG,1
CAAGATCTACGGCGAC,1
CAAGCTCTAGAGCTCT,1
CAAGGAGAAATACATA,1
CAAGTAGAAAGACATA,1
CAATAAGCCAGCAAGA,1
CAATCTTAATCTACAT,1
CAATGAGAAATACATA,1
CAATTACAAATACATA,1
CAATTAGAAACACATA,1
CAATTAGAAATACACC,1
CAATTAGAAATGCATA,1
CAATTAGAAATTCATA,1
CAATTCACCGTTCCCC,1
CAATTCGCCGTTCCAC,1
CAATTCGCCGTTCCCA,1
CAATTCGCCTTTCCCC,1
CAATTGCTGCATTAGG,1
CAATTGGAAATACAGA,1
CAATTGGCCGTTCCCC,1
CACAATCAGCACCTAG,1
CACACTTGACGAGACA,1
CACAGACAAGAAAAAA,1
CACAGACAATAAAAAG,1
CACCATCACCACCTAG,1
CACCATCAGCACCTAA,1
CACCATCAGGACCTAG,1
CACCATCTGCACCTAG,1
CACCGCACCGAGCACC,1
CACCGCGCAGAGCACC,1
CACCGCGCCGAGCACA,1
CACCGCGCTGAGCACC,1
CACCGTACCGCGTTTA,1
CACCTGCTGCGGAACG,1
CACGACAAACAGTAAG,1
CACGGCCAGCGAACTC,1
CACGGCCGGCGAACGC,1
CACGGCCGGCTAACTC,1
CACGGCCTAATGTCTC,1
CACGTGGAGCCCAACA,1
CAGAAAAGACTGTATA,1
CAGAAACTCGTTGTCA,1
CAGAACCTCCTTGTCT,1
CAGAACCTCGTTCTCT,1
CAGAACCTCGTTGTCG,1
CAGAACCTCTTTTTCT,1
CAGAACCTGGTTGTCT,1
CAGACAGAGTTTGTTG,1
CAGAGCCTCGTTGTCT,1
CAGAGCTGCCAATAAG,1
CAGATAATATAGTGAC,1
CAGATAGTGATGAATA,1
CAGCCTCTAGAGCTCT,1
CAGGCTCTAGAGCTGT,1
CAGGCTCTAGATCTTT,1
CAGGCTCTAGCGCTCT,1
CAGGCTCTCTAGCTCT,1
CAGGCTTTAGAGCTCT,1
CAGGGGAATTGCCACT,1
CAGGGGTTAAGTTGTG,1
CAGTACCTGCAGTTGA,1
CAGTCGGGACTCATCT,1
CAGTCTCTAGAGCCCT,1
CATAATCTACGGCGAC,1
CATACACAGTTTGTTG,1
CATACAGACTTTGTTG,1
CATACAGAGGTTGTTG,1
CATACAGAGTTTGGTG,1
CATACAGAGTTTGTGG,1
CATACAGATTTTGTTG,1
CATAGGAATTGCCACT,1
CATATAGTGATGAACA,1
CATCGAGACGCGCAAG,1
CATCGCCATCGACTTC,1
CATGAAACAATCGAAC,1
CATGGGAAGTGCCACT,1
CATGGGAATCGCCACT,1
CATGGGAATTACCACT,1
CATGGGAATTCCCACT,1
CATGGGAATTGCCATT,1
CATGGGAATTGCCGCT,1
CATGGGAATTGCCTCT,1
CATGGGAATTGCGACT,1
CATGGGAATTGGCACT,1
CATGGGATTTGCCACT,1
CATGGGGAGCCCAACA,1
CATGGGGATTGCCACT,1
CATGTCGTATCCACAG,1
CATGTGAATTGCCACT,1
CATGTGGAACCCAACA,1
CATGTGGAGCACAACA,1
CATGTGGAGCCCAAAA,1
CATGTGGAGCCCAACT,1
CATGTGGAGCCCAATA,1
CATGTGGAGCCCATCA,1
CATGTGGAGCCGAACA,1
CATGTGGAGGCCAACA,1
CATTCTCTAGAGCTCT,1
CATTTAGACGCGCAAG,1
CATTTATGATGAATTG,1
CCAAAACAAAAAATTA,1
CCAACACAAAAAATAA,1
CCAACACAAAAAATCA,1
CCAACACAAAGAATTA,1
CCAACACAACCAATTA,1
CCAACACAAGAAATTA,1
CCAACACCCCCAATTA,1
CCAACACGAAAAATTA,1
CCAACGCAAAAAATTA,1
CCAAGACAAAAAATTA,1
CCAAGCTTGGCTCATC,1
CCAATACAAAAAATTA,1
CCACATTAGCGGGAGG,1
CCACCGCTGTTTAAAA,1
CCACGCACGTTTAGAG,1
CCAGCAAAGATATACC,1
CCAGCACAAAAAATTA,1
CCAGGGTTAAGTTGTG,1
CCATGATGCATTCCCG,1
CCATTTAACAGACGTA,1
CCCAGCGCGGTAAGAG,1
CCCAGCGCGTTAAGAG,1
CCCATTTACTGAAGGG,1
CCCCCCCTGTTTAAAA,1
CCCCCGCTGTGTAAAA,1
CCCCGGACCAAAACTG,1
CCCCTCATCTAAAGTT,1
CCCCTCCCCTAAAGTT,1
CCCCTCCGCTAAAGTT,1
CCCCTCCTCAAAAGTT,1
CCCCTCCTCTAAGGTT,1
CCCCTCCTCTAGAGTT,1
CCCCTCCTCTATAGTT,1
CCCCTCCTCTCACTTT,1
CCCCTCCTCTCCCGTT,1
CCCCTCTTCTAAAGTT,1
CCCCTTACGGATCTCT,1
CCCGGAAGTTGCCAAG,1
CCCGTCCTCTAAAGTT,1
CCCTACGAAATAAGCT,1
CCCTACGCGGCTCGGG,1
CCCTATGAAACAAGCT,1
CCCTATGAAATAAACT,1
CCCTATGAAATAACCT,1
CCCTATGAAATAAGAT,1
CCCTATGAAATAAGTT,1
CCCTATGAAATGAGCT,1
CCCTATGAGATAAGCT,1
CCCTATTAAATAAGCT,1
CCCTCCTCAAGGCTAA,1
CCCTCCTCAATGGTAA,1
CCCTCTACGGATCTCT,1
CCCTGAGCGGCTCGGG,1
CCCTGCACGGCTCGGG,1
CCCTGCGCGGATCGGG,1
CCCTGCGCGGCTCCGG,1
CCCTGCGCGGCTCGAG,1
CCCTGCGCGGCTCGCG,1
CCCTGCGCGGCTCGGA,1
CCCTGCGCGGCTCGTG,1
CCCTGCTCGGCTCGGG,1
CCCTTCCTCTAAAGTT,1
CCCTTTACGGACCTCT,1
CCCTTTACGGATCTAT,1
CCCTTTACGGATCTTT,1
CCCTTTGCGGATCTCT,1
CCGAACTTATCTGTGG,1
CCGAGCACGTTTAGAG,1
CCGATTACTAGCCGGA,1
CCGCATTAGCGAGAGG,1
CCGCATTAGCGGGAGT,1
CCGCATTAGCGTGAGG,1
CCGCGCACGTCTAGAG,1
CCGCGCACTTTTAGAG,1
CCGGATAAATAAGAAC,1
CCGGGGTTAAGTGGTG,1
CCGGGGTTAAGTTGTG,1
CCGTATGAAATAAGCT,1
CCTACACAAAAAATTA,1
CCTAGATGCATTCCCG,1
CCTGGGAATTGCCACT,1
CCTGGGATAAGTTGTG,1
CCTGGGTGAAGTTGGG,1
CCTGGGTTAAGATGTG,1
CCTGGGTTAAGGGGGG,1
CCTGGGTTAAGTTCTG,1
CCTGTCTAGAAATTTT,1
CCTGTGGAGCCCAACA,1
CCTTAAATTATAGTCT,1
CCTTCAGCGATAACGG,1
CCTTCATGCATTCCCG,1
CCTTGATCCATTCCCG,1
CCTTGATGCAATCCCG,1
CCTTGATGCATACCCG,1
CCTTGATGCATTGCCG,1
CCTTGGAGTGAACGAT,1
CCTTGGTTAAGTTGTT,1
CCTTGTTGCATTCCCG,1
CCTTTATTCATTCCCG,1
CCTTTCTAGTACGCTT,1
CGAAAAAATTACAAAT,1
CGAAAAACGTCCCAGT,1
CGAAAACACTACAAAT,1
CGAAAACATAACAAAT,1
CGAAAACATTACAAAC,1
CGAAAACATTACAAAG,1
CGAAAACATTAGAAAT,1
CGAAAACATTCCCAAT,1
CGAAAACATTGCAAAT,1
CGAAAACCTTCCAAAT,1
CGAAAATATTACAAAT,1
CGAAAATCTCAGATAC,1
CGAAAGCATTACAAAT,1
CGAACACAAAAAATTA,1
CGAACAGCAGACACGT,1
CGAACCGCAGACAAGT,1
CGAACCGCAGACACAT,1
CGAACCGCAGACACTT,1
CGAACCGCAGACAGGT,1
CGAACCGCAGATGGTA,1
CGAACCGCAGGCACGT,1
CGAACCTCAGACACGT,1
CGAAGACATTACAAAT,1
CGAAGCGCAGACACGT,1
CGAATGCTGCATTAGG,1
CGACAACAATACAAAT,1
CGACCCGCAGACACGT,1
CGACTCCACGTACGCC,1
CGAGATTGCCCGGAAG,1
CGATATTTACGAAAAA,1
CGATCTTTACGAAAAG,1
CGATCTTTACGAGACA,1
CGATTTAACAGACGTA,1
CGCAATGTCGTAGGAT,1
CGCACCTTACGAGACA,1
CGCACTATACGAGACA,1
CGCACTCTACGGGACA,1
CGCACTTGACTAGACA,1
CGCACTTTAAGAGAAA,1
CGCACTTTACGAAACA,1
CGCACTTTACGACACA,1
CGCACTTTACTAGCCA,1
CGCACTTTACTCTACA,1
CGCACTTTAGGAGACA,1
CGCACTTTCCTAGACA,1
CGCAGAATTGGTCGCC,1
CGCAGTTTACGAGACA,1
CGCATACCGACGCAGT,1
CGCATCTAACAGATAG,1
CGCCATCAGCACCTAG,1
CGCCTCCTCTAAAGTT,1
CGCTTTACGGATCTCT,1
CGGAAACATTACAAAT,1
CGGACAGTGTAATCGA,1
CGGACCATAGATGGTA,1
CGGACCCTACATGGTA,1
CGGACCCTAGAAGGTA,1
CGGACCCTAGAGGGTA,1
CGGACCCTAGATAGTA,1
CGGACCCTAGATAGTT,1
CGGACCCTAGATCGTA,1
CGGACCCTAGATGGCC,1
CGGACCCTAGATGGTC,1
CGGACCCTATCTGGTA,1
CGGAGGCTCTTGATTA,1
CGGAGGGGGTGGAGGC,1
CGGAGTTGACGAGAAG,1
CGGATCCTAGATGGTA,1
CGGCCAGGGAAGCAAA,1
CGGCCAGGGAATAAAA,1
CGGCCAGGGAATCGAA,1
CGGCCCGTAAGGACTA,1
CGGCGACAAGATTGTA,1
CGGGAAAATACATAAC,1
CGGGAAATGTAAATTA,1
CGGGAAATGTAATTGA,1
CGGGAAATGTGAATGA,1
CGGGAAATTTAAATGA,1
CGGGAACATACACAAC,1
CGGGAACATACATAAT,1
CGGGAACATACATACC,1
CGGGAACATATATAAC,1
CGGGAACGTACATAAC,1
CGGGAATCTCCAATAC,1
CGGGAATCTCCCAAAT,1
CGGGAATCTCCCATAA,1
CGGGAATCTCCCATAT,1
CGGGAATCTCCCATCC,1
CGGGAATCTCCCATGC,1
CGGGAATCTCTCATAC,1
CGGGAGCATACATAAC,1
CGGGCACATACATAAC,1
CGGGCAGCGATAACGG,1
CGGGCCCTAGATGGTA,1
CGGGGACAAGACTGTA,1
CGGGGACAAGATTATA,1
CGGGGACAAGGTTGTA,1
CGGGGAGAAGATTGTA,1
CGGTAAATGTAAATGA,1
CGGTAGGGACTCATCT,1
CGGTCAGGGAATCAAA,1
CGGTCATGACTCATCT,1
CGGTCGGCACTCATCT,1
CGGTCGGGACTCATCC,1
CGGTCGGGACTCTTCT,1
CGGTCGGGATTCATCT,1
CGGTGACAAGATTGTA,1
CGTAATAGGCGTCACA,1
CGTACAGAGTTTGTTG,1
CGTACAGCGTAATCGA,1
CGTACAGGGGAATCGA,1
CGTACAGTGTAATCAA,1
CGTACAGTGTAATCGG,1
CGTACAGTGTCATCGA,1
CGTACAGTGTTATCGA,1
CGTAGGTATGTCCCAG,1
CGTATTAACGTAACTC,1
CGTATTAACTTAACAC,1
CGTCAACGGCCTATCC,1
CGTGAAATGTAAATGA,1
CGTGGGAATTGCCACT,1
CGTGGGTTAAGTTGGG,1
CGTGTACCCCTCAGCA,1
CGTGTACCCTCCAGCA,1
CGTGTACCCTTCAGAA,1
CGTGTACCCTTCAGCC,1
CGTGTACCCTTCGGCA,1
CGTGTAGCCTTCAGCA,1
CGTGTGGAGCTCAACA,1
CGTTAACGGACTATCC,1
CGTTAACGGCCCATCC,1
CGTTAACGGCCTATAC,1
CGTTAACGGCCTATCG,1
CGTTAACGGCGTATCC,1
CGTTAACGGTCTATCC,1
CGTTAATGGCCTATCC,1
CGTTCAGAGATAACGG,1
CGTTCAGCGATAACAG,1
CGTTCAGCGATAACGC,1
CGTTCAGCGATGACGG,1
CGTTCAGCGGTAACGG,1
CGTTCAGCGTTAACGG,1
CGTTCGGGACTCATCT,1
CGTTGATGCATTCCCG,1
CGTTTAGCTATAACGG,1
CGTTTATCGATAACGG,1
CGTTTGGCGGGGATGG,1
CGTTTTGGGTTCGAGG,1
CGTTTTTAGTTCGAGG,1
CGTTTTTGGGTCGAGG,1
CGTTTTTGGTTCGGGG,1
CTAAATTGCCCGGAAG,1
CTAACACAAAAAATTA,1
CTAAGCTTCATGGAGT,1
CTAATATAAGTATCAA,1
CTAATGTAAGTATCAA,1
CTAATTTAACTATCAA,1
CTAATTTAAGTATAAA,1
CTAATTTAAGTATCAG,1
CTAATTTAAGTATCCA,1
CTAATTTAATTATCAA,1
CTACAAACCTGCAAAT,1
CTACATTGCCCGGAAG,1
CTAGAAAAGATATACC,1
CTAGATGGCGTGGGAG,1
CTAGCACAAAAAATTA,1
CTAGCACAGCCTAGGC,1
CTAGCACAGCGTAACC,1
CTAGCACAGCGTAGGG,1
CTAGCACAGCGTTGGC,1
CTAGCAGAGCGTAGGC,1
CTAGCATAGCGTAGGC,1
CTAGTTAACAGACGTA,1
CTATAAAACGTTTGTA,1
CTATAAACCGTTGGTA,1
CTATAAACCGTTTGCC,1
CTATAAACCTTTTGTA,1
CTATAATGCCCGGAAG,1
CTATAGTGCCCGGAAG,1
CTATATAACAGACGTA,1
CTATATTGCCCGCAAG,1
CTATATTGCCCGGCAG,1
CTATATTGCCCTGAAT,1
CTATATTGCGGGGAAG,1
CTATATTGGCCGGAAG,1
CTATATTTCCTGGAAG,1
CTATCATAATCTACAG,1
CTATCGTAATCTACAG,1
CTATCTAACAGACGTA,1
CTATCTTAACCTACAG,1
CTATCTTAATATACAG,1
CTATCTTAATCTAAAG,1
CTATCTTAATCTACAT,1
CTATCTTAATCTACCT,1
CTATCTTATTCTACAG,1
CTATCTTTACGAAAAA,1
CTATTCGCCGTTCCCC,1
CTATTCTAGTACGCTT,1
CTATTGAACAGACGTA,1
CTATTTAACACACGTA,1
CTATTTAACAGACATA,1
CTATTTAACAGACGCC,1
CTATTTAACAGTCGTA,1
CTATTTAACATATGTA,1
CTATTTAATAGACGTA,1
CTATTTAGCGGAAGTG,1
CTATTTTACAGACGTA,1
CTCAACTTATCTGTGG,1
CTCAATGGCGTAGGAT,1
CTCAATGTCGAAGGAT,1
CTCAATGTCGTCGGAT,1
CTCAATGTCGTTGTCT,1
CTCAATGTCTTCTGAT,1
CTCAATGTGGTAGGAT,1
CTCAATGTTGTAGGAT,1
CTCAGGGATTCAACTC,1
CTCATCAAGTTGGTGC,1
CTCCTAGGCGACGATT,1
CTCCTAGGGGATGATT,1
CTCCTATGGGACGATT,1
CTCCTATTGGACGATT,1
CTCGATGTCGTAGGAT,1
CTCTAAATTATAGTCT,1
CTCTGTCCAGACTCGT,1
CTGAACTCGTCGATAT,1
CTGAACTTATATGTGG,1
CTGAACTTATCTGAGT,1
CTGAACTTATCTGCGG,1
CTGAACTTATCTGGGG,1
CTGAACTTATCTGTAG,1
CTGAACTTATCTGTCG,1
CTGAACTTGTCAATAT,1
CTGAACTTGTCGATCT,1
CTGAACTTGTCGATGT,1
CTGAAGCTATAGAAGT,1
CTGAATGTCGTAGGAT,1
CTGACCTGCCAATAAG,1
CTGACTCACCGAATAA,1
CTGAGAGATTCAACTC,1
CTGAGCGGCCAATAAG,1
CTGAGCTCCCAATAAG,1
CTGAGCTGCCAACAAG,1
CTGAGCTGCCAATAGG,1
CTGAGCTGCCAATATG,1
CTGAGCTGCCAATTAG,1
CTGAGCTGCGAATAAG,1
CTGAGGGATACAACTC,1
CTGAGGGATCCAACTC,1
CTGAGGGATTCAACTG,1
CTGAGGGATTCAGCTC,1
CTGAGGGATTTAACTC,1
CTGAGGTATTATATGC,1
CTGATTTAAGTATCAA,1
CTGCGCACGTTTAGAG,1
CTGGACCTGCAGTTGA,1
CTGTACCAGCAGTTGA,1
CTGTACCTCCAGTTGA,1
CTGTACCTGCAGGTGA,1
CTGTACCTGCAGTTCA,1
CTGTACCTGCCGTTGA,1
CTGTACCTGCGGTTGA,1
CTGTACCTGGAGTTGA,1
CTGTACCTTCCGTTGA,1
CTGTACTTGCAGTTGA,1
CTTAACTTATCTGTGG,1
CTTACAGAATACTAGC,1
CTTACAGCGATAACGG,1
CTTAGATATTATATGC,1
CTTAGGCATTATATGC,1
CTTAGGGATTATATGC,1
CTTAGGGCTACGTGAG,1
CTTAGGTATCATATGC,1
CTTAGGTATTACACGC,1
CTTAGGTATTACATAC,1
CTTAGGTATTACATGA,1
CTTAGGTATTACATGT,1
CTTAGGTATTAGATGC,1
CTTAGGTATTATAAGC,1
CTTAGGTGTTATATGC,1
CTTATATCCAACACCA,1
CTTATGTATTACATGC,1
CTTCAGCGTTGTTTTG,1
CTTCGGCTATTGATTA,1
CTTCGGCTCTCGATTA,1
CTTCGGCTCTTGAGTA,1
CTTCGGCTCTTGATCA,1
CTTCGGCTCTTGATTT,1
CTTCTGCTCTTGATTA,1
CTTGGGTTAAGTTGTG,1
CTTTAAAGTATAGTCT,1
CTTTAAATCATAGTCT,1
CTTTAAATTATAATCT,1
CTTTAAATTATAGCCT,1
CTTTAAATTATAGTCG,1
CTTTAAATTGGAGTCT,1
CTTTAAATTGTAGTCT,1
CTTTAACGGCCTATCC,1
CTTTAAGTTATAGTCT,1
CTTTGAATTATAGTCT,1
CTTTGATGCATTCCCG,1
CTTTTCCAATCTTTTA,1
CTTTTCTAATACGCTT,1
CTTTTCTACTACGCTT,1
CTTTTCTAGTAAGCTT,1
CTTTTCTAGTACAATT,1
CTTTTCTAGTACACTT,1
CTTTTCTAGTACGCAT,1
CTTTTCTAGTACGCTA,1
CTTTTCTAGTACTCTT,1
CTTTTCTAGTATGCTT,1
CTTTTCTAGTCCGCTT,1
CTTTTCTGGTACGCTT,1
CTTTTCTTGTACGCTT,1
GAAAGCAAAGTTGACC,1
GAAAGCCCCGTGAAAT,1
GAAAGCTGCAGAAGCG,1
GAAAGCTTCATGGAGT,1
GAAATCCCCAAAGAAC,1
GAAATGCTGCATTAGG,1
GAACAAACCTGCAAAT,1
GAACGCCATCGACTTC,1
GAAGAAACTATAACCT,1
GAAGAAACTATAATCA,1
GAAGAAACTTTAACCA,1
GAAGAATAGAACAGAG,1
GAAGCACGCTGAATGA,1
GAAGCGTGCCGGTCAT,1
GAAGGAACTATAACCA,1
GAAGGCGCGCCTTCAA,1
GAAGTACGCTGAAGAA,1
GAAGTACGCTTAATGA,1
GAAGTACGTATTGAGT,1
GAAGTACGTTGAATGA,1
GAAGTGCGTAGTGAGT,1
GAAGTGCGTCTTTAGT,1
GAAGTGGGTATTGAGT,1
GAATAAAGGATCATGA,1
GAATAATACAACAGAG,1
GAATAATAGAACAGAT,1
GAATAATAGAACAGTG,1
GAATAATATAACAGAG,1
GAATATTGCCCGGAAG,1
GAATTACGCTGAATGA,1
GACAAAATGGACATAT,1
GACACGTAGAACCGCC,1
GACATACCGACGCAGT,1
GACCAATGTCATTTGA,1
GACCACCGAGTGAACG,1
GACCATCAGCACCTAG,1
GACGAGATGGGCACGT,1
GACGGAATGGGCACGT,1
GACGGGACGGGCACGT,1
GACGGGATGGACACGT,1
GACGGGATGGGCAAGT,1
GACGGGATGGGCACGA,1
GACGGGATGTGGACGT,1
GACGGGATGTTCCCGT,1
GACGGGTTAAGTTGTG,1
GACGGTATGGGCACGT,1
GACGTGATGGGCACGT,1
GACTGATAACCCTGCG,1
GAGAACTGCAGAAGCG,1
GAGAGCGAGAAAAGCA,1
GAGAGCTCCAGAAGCG,1
GAGAGCTGAAGAAGCA,1
GAGAGCTGCAGAAACG,1
GAGAGCTGCAGAAGCC,1
GAGAGCTGCAGACGCG,1
GAGAGCTGCAGAGGCG,1
GAGAGCTGCAGATGCG,1
GAGAGCTGCCGAAGCG,1
GAGAGCTGCTGAAGCG,1
GAGAGGTGCAGAAGCG,1
GAGATTGATTGAAGTT,1
GAGGCGTAGAGATACG,1
GAGGGATAGAGATACG,1
GAGGGCTAGAGATACG,1
GAGGGGAACGGGAAGC,1
GAGGGGATACGTCGCC,1
GAGGGGTAGAGCTACG,1
GAGGGGTAGCGATACG,1
GAGGGGTCTCTATACG,1
GATACAGAACCCATGC,1
GATCACGCAGAAAAGG,1
GATCGCCATAAACTTC,1
GATCGCCATCGAATTC,1
GATCGCCATCGACGTC,1
GATCGCCATCGACTCC,1
GATCGCCATCGACTGC,1
GATCGCCATCGGCTTC,1
GATCGCCATCTACTTC,1
GATCGCCCTCTCCTTC,1
GATCGCCGTCGACTTC,1
GATCGCTATCGACTTC,1
GATCGTGGGGAGAGGG,1
GATCTAGGGGACGATT,1
GATCTCCATCGACTTC,1
GATCTTGCGGAGAGTC,1
GATCTTGGGCAGAGTC,1
GATCTTGGGGAGACTC,1
GATCTTGGGGAGAGAC,1
GATCTTGGGGAGAGTG,1
GATCTTGGGGCGAGTC,1
GATCTTGGGGTGAGTC,1
GATCTTGTTTCGCTTC,1
GATCTTGTTTCTCTTC,1
GATCTTTTGGAGAGTC,1
GATGAAACAATCGAAC,1
GATGGGATGGGCACGT,1
GATTGCCATCGACTTC,1
GCAAACAGTATAGTTG,1
GCAAACAGTCTAGTTG,1
GCAAACAGTGGAGTTG,1
GCAAACAGTGTAGATG,1
GCAAACAGTGTAGCTG,1
GCAAACAGTGTAGTAG,1
GCAAACAGTGTAGTCT,1
GCAAACAGTGTAGTTC,1
GCAAACAGTGTGGTTG,1
GCAAACTGTGTAGTTG,1
GCAACAAGGTGTAACC,1
GCAACACAAAAAATTA,1
GCAACCAGGTGTAACC,1
GCAACGAGATGTAACC,1
GCAACGAGGTGCAACC,1
GCAACGCGGTGTAACC,1
GCAAGATTCGGGGGAC,1
GCAAGCGGGGGAGGGG,1
GCAAGGAGGTGTAACC,1
GCAATCCCAGCCTTTA,1
GCAGAGTGCCGGTCAT,1
GCAGCATGCCGGTCAT,1
GCAGCGCGCCGGTCAT,1
GCAGCGTACCGGTCAT,1
GCAGCGTGCCGTTCAT,1
GCAGCGTGTCGGTCAT,1
GCAGCGTTCCGGTCAT,1
GCAGGGGGGGGCGGGA,1
GCAGTGTGCCGGTCAT,1
GCATCATCAACTCCTA,1
GCATCCCCAACTCCTA,1
GCATCCTCAACTACTA,1
GCATCCTCAACTCCGA,1
GCATCCTCAACTCTTA,1
GCATCCTCGACTCCTA,1
GCATGGAAATAACTCC,1
GCCACCTCGTATCCCT,1
GCCAGAGCGTATCCCT,1
GCCAGCGCGTATCCCT,1
GCCAGCTCGTATCCCG,1
GCCAGCTCGTATCCGT,1
GCCAGCTCGTATCGCT,1
GCCAGCTGCAGAAGCG,1
GCCAGGGAAGGAAGGG,1
GCCATTTACTGAAGGC,1
GCCATTTACTGAAGTG,1
GCCATTTGCTGAAGGG,1
GCCCAAAGGATCATGA,1
GCCCTCCTCTAAAGTT,1
GCCGAAAGGATCATGA,1
GCCGCTGAGGCGTGTG,1
GCCGCTGCGGCGTGCG,1
GCCGCTGCGGCTTGTG,1
GCCGCTGCTGCGTGTG,1
GCCGGAAGTTGCCAAG,1
GCCGTTTACTGAAGGG,1
GCCTAAAGGACCATGA,1
GCCTAAAGGATCATAA,1
GCCTAAAGGATCATGG,1
GCCTAAGCATGGGCGG,1
GCCTAAGCGTGGGAGG,1
GCCTATGCGCGCAGTC,1
GCCTCCTCCCCTCCTA,1
GCCTTTACGGATCTCT,1
GCCTTTCCGCGCAGTC,1
GCCTTTGCGCGCAGAC,1
GCCTTTGCGCGGAGTC,1
GCCTTTGCGCGTAGGC,1
GCCTTTGCGCTTAGTC,1
GCCTTTGCGGGCAGTC,1
GCCTTTGGGCGCAGTC,1
GCGACGAGGTGTAACC,1
GCGAGCGAGAAAAGCA,1
GCGAGCTCGTATCCCT,1
GCGGGGTAGAGATACG,1
GCGTCCGTTGGGAACT,1
GCGTCCTCAACTCCTA,1
GCGTCGCACTACTGCT,1
GCTACGAGGTGTAACC,1
GCTGCTCCGACACGCC,1
GCTGTCTAGAAAGTTT,1
GCTTAAAGGATCATGA,1
GGAAAAACATGCAAAT,1
GGAAACAGTGTAGTTG,1
GGAAGCAAAGTTGACC,1
GGAAGCTTCATGGAGT,1
GGACGAATTTGATTCC,1
GGACTCCACGGACGCC,1
GGATAACTTTGGAAGC,1
GGATAATAAGATAAGG,1
GGCAAGTTACGGATGG,1
GGCATCTAACAGATAG,1
GGCATTTACTGAAGGG,1
GGCGACAAACAGGAAG,1
GGCGCTGCGGCGTGTG,1
GGCGGGATGGGCACGT,1
GGCTGAATTAAGGATG,1
GGGAAATCTCAGATCG,1
GGGACTATAGTTGGCA,1
GGGAGAGGGAGAGGTG,1
GGGAGGAGGACTTCAT,1
GGGATATCCAACACCA,1
GGGCAAAAAGTTTTAG,1
GGGCAATTGAAACATA,1
GGGCCATCTCAGATCG,1
GGGGAAATGTAAATGA,1
GGGGACGCTTCATGCT,1
GGGGCTCTAGAGCTCT,1
GGGTATTGTGAAGTGG,1
GGTAAGGGGCGGAGCG,1
GGTCCAACTCAGATCG,1
GGTCCAAGGGACGGAC,1
GGTCCATCTCAGATGG,1
GGTCCATCTCAGCTCT,1
GGTCCATCTCCGATCG,1
GGTCCATCTCCTCTCG,1
GGTCCATGTCAGATCG,1
GGTCCGTCTCAGATCG,1
GGTCGATCTCAGATCG,1
GGTTAACTTTGGAAGT,1
GGTTAACTTTGGGAGC,1
GGTTAACTTTGGTAGC,1
GGTTAACTTTTGAAGC,1
GTAACGTTTGTGCAAA,1
GTAAGCAAAATTGACC,1
GTAAGCAAAGCTGACC,1
GTAAGCAAAGTCGACC,1
GTAAGCAAAGTTCACC,1
GTAAGCAACGTTGACC,1
GTAAGCATAGTTGACC,1
GTAAGCTGCCAATAAG,1
GTAAGCTTCATAGAGT,1
GTAAGCTTCATCGAGT,1
GTAAGCTTCATGAAGT,1
GTAAGCTTCATGGAGC,1
GTAAGCTTCATGGGGT,1
GTAAGCTTTATGGAGT,1
GTAAGGTTCATGGAGT,1
GTAATTCGCATGAGGA,1
GTAATTCGCATGTGGA,1
GTACAAACCTAAAAAT,1
GTACAAACCTCCAAAT,1
GTACAAACCTGCAAAC,1
GTACAAACCTGCAAAG,1
GTACAAACCTGCAATA,1
GTACAAACCTGCACAT,1
GTACAAACCTGGAAAT,1
GTACAAAGCTGCAAAT,1
GTACGCAAAGTTGACC,1
GTAGAACCGCGGCCCC,1
GTAGAACTGCGGCCAC,1
GTAGAACTGCGGCCCT,1
GTAGAACTGCGGCCTC,1
GTAGAACTGCGTCCCC,1
GTAGAGACTAGGACCA,1
GTAGAGCTGCGGCCCC,1
GTAGATACGAGGACCA,1
GTAGATACTAGAACCA,1
GTAGATACTAGGAACA,1
GTAGATACTAGGACCT,1
GTAGGCTTCATGGAGT,1
GTAGGTACTAGGACCA,1
GTATAAACCTGCAAAT,1
GTATAAGCAGGTAAGG,1
GTATCTGTAGAGCGCT,1
GTATGCTTCATGGAGT,1
GTATTTAACAGACGTA,1
GTCAAATTACGGATGG,1
GTCAAGGTACGGATGG,1
GTCAAGTTAAGAATGG,1
GTCAAGTTACCGATGG,1
GTCAAGTTACGGAAAG,1
GTCAAGTTACGGAAGG,1
GTCAAGTTACGGACGG,1
GTCAAGTTACGGATCG,1
GTCAAGTTACGGATGA,1
GTCACATCCTGGAATG,1
GTCACGTTACGGATGG,1
GTCGCATCCGGGAATG,1
GTCGCATCCTGCAATG,1
GTCGCATCCTGGGATG,1
GTCGCGTCCTGGAATG,1
GTCGTATCCTGGAATG,1
GTGAGCAAGAAAAGCA,1
GTGAGCGAGAAAAACA,1
GTGAGCGAGAAAAGCG,1
GTGAGCGAGAAAAGCT,1
GTGAGCGAGAAAATCA,1
GTGAGCGATAAAAGCA,1
GTGAGGGATTCAACTC,1
GTGCAATTGAAACATA,1
GTGCGATTGAAACATA,1
GTGGTATCAAGCCGCT,1
GTGGTATCAAGCCTGG,1
GTGGTATCAATCCTGG,1
GTGTATCAGTCGCGCC,1
GTTAAGTTAAGGATGG,1
GTTACTATGACTTCAT,1
GTTAGCAAAGTTGACC,1
GTTATTACGACTTCAT,1
GTTATTATGACGTCAT,1
GTTATTATGACTTCCT,1
GTTATTATGACTTTAT,1
GTTATTATGATTTCAT,1
GTTCAAACCTGCAAAT,1
GTTCAGCGTTGTTTTG,1
GTTCGATTGTCCGGAA,1
GTTGCCCCGACACGCC,1
GTTGCTCCCACACGCC,1
GTTGCTCCGACAAGCC,1
GTTGCTCCGACACGAC,1
GTTGCTCCGACACGCT,1
GTTGGTATAGATGAGG,1
GTTGGTCCGACACGCC,1
GTTGTTATGACTTCAT,1
TAAAAAACCTCCATGA,1
TAAAAACCCTCCATGA,1
TAAAAAGCCTCCTTGA,1
TAAAAAGCCTCGAAGA,1
TAAAAAGCCTTCATTA,1
TAAAAAGCGTCCATGA,1
TAAAAATTTATGACAA,1
TAAAAGCAGCACGATA,1
TAAACAGCCTCCATGA,1
TAAATAGAAATACATA,1
TAACAACAATACAAAT,1
TAACAAGCCTCCATGA,1
TAACGTGATCTCTCGA,1
TAACGTGATTTCTAGA,1
TAACGTGATTTCTCAA,1
TAACGTGATTTCTCTA,1
TAACGTTATTTCTCGA,1
TAACTTGATTTCTCGA,1
TAATAAGCCAGCAAAA,1
TAATAAGCCAGCAAGG,1
TAATAAGCCGGCAAGA,1
TAATAAGCCGGTAAGA,1
TAATAAGGCAGCAAGA,1
TAATAATCCAGCAAGA,1
TAATAGGCCAGCAAGA,1
TAATCCTAACTAGCGA,1
TAATGGGTGTACGAGA,1
TAATTAGAAATACATA,1
TACATAACGACGCAGT,1
TACATACCGACGCATT,1
TACATACCGACTCAGT,1
TACATGCCGACGCAGT,1
TACATGCTGCGGAACG,1
TACCAAGGTCATTTGA,1
TACCAATGTCAATTGA,1
TACCACGCCTCCCTGA,1
TACCAGCAATAAAATC,1
TACCAGCGTCATTTGA,1
TACCATTGTCGGAAAG,1
TACCCAAGGGACGGAC,1
TACCCTGCAAGCCTCT,1
TACCCTGCACTCCACT,1
TACCCTTCAAGCCACT,1
TACCTACGAGACGTAA,1
TACCTGCCGCGGAACG,1
TACCTGCTCCGGAACG,1
TACCTGCTGCGGAAGG,1
TACCTGCTGCGGACCA,1
TACCTGCTGCGGATCG,1
TACCTGCTGCGTAACG,1
TACCTGCTGCTGAACG,1
TACCTGCTGGGGAACG,1
TACCTGCTGTGGAACG,1
TACCTGCTTAGGAACG,1
TACCTGCTTCGGAACG,1
TACCTGTTGCGGAACG,1
TACGGGATGGGCACGT,1
TACTAATGCAGTTGTC,1
TACTAATGCCGTTATC,1
TACTAATGCCGTTGGC,1
TACTAATGCCGTTGTA,1
TACTAATGCCGTTGTT,1
TACTAATGCCTTTGTC,1
TACTAATGCTGTTGTC,1
TACTAATGGCGTTGTC,1
TACTAATGTCATTTGA,1
TACTAGAAATAAAATC,1
TACTAGCAATAAAAAC,1
TACTAGCAATAAAACC,1
TACTAGCAATAAAAGC,1
TACTAGCAATAAAGTC,1
TACTAGCAATAAGATC,1
TACTAGCAATAGAATC,1
TACTAGCGATAAAATC,1
TACTAGCGATAAAATG,1
TACTGACAACCCTGCG,1
TACTGATAACACTGCG,1
TACTGATAACCATGAG,1
TACTGATAACCATGCG,1
TACTGATAACCCTGCC,1
TACTGATAACTCTGCG,1
TACTGATAATCCTGCG,1
TACTGATAGCCCTGCG,1
TACTGATCCCCCTTCG,1
TACTGATGACCCTGCG,1
TACTGGTAACCCTGCG,1
TACTGTCCAGACTCGT,1
TACTGTTAACCCTGCG,1
TAGCAAAAAGTTTTAG,1
TAGCATCAGCACCTAG,1
TAGCATGGTCGGAAAG,1
TAGCATTCTCGGAAAG,1
TAGCATTGCAGGAAAG,1
TAGCATTGCCGGAAAG,1
TAGCATTGGCGGAAAG,1
TAGCATTGTCCGAAAG,1
TAGCATTGTCGGAATG,1
TAGCATTGTCTTCAAG,1
TAGCATTGTGGGAAAG,1
TAGCATTTTCTTCAAG,1
TAGCGGTGATGTGATT,1
TAGCTCCTGAGTAGTA,1
TAGGGCACTAAATTAA,1
TAGGGGAACGGGAAGC,1
TAGTAAGCCAGCAAGA,1
TAGTTAAGAGAAAGTT,1
TATAATTAGGCGGCAT,1
TATACAAGGGACGGAC,1
TATACTCAAGGAGGAT,1
TATACTCACGGAGGCT,1
TATACTCACGGAGGGT,1
TATACTCACGGAGGTT,1
TATACTCACGGGGGAT,1
TATACTCATGGAGGAT,1
TATACTTACGGAGGAT,1
TATCACAGAACCTATC,1
TATCACGCAGAAAAAG,1
TATCCAAGGCACGGAC,1
TATCCAAGGGACGAAC,1
TATCCAAGGGACGGAG,1
TATCCAAGGGACGGCC,1
TATCCAAGGGACGGGC,1
TATCCAAGGGATGGAC,1
TATCCAGGGGACGGAC,1
TATCCCTAACTAGCGA,1
TATCCGAGGGACGGAC,1
TATCCTAGGGACGGAC,1
TATCGCCATCGACTTC,1
TATCTGCTGCGGAACG,1
TATGCAAGGGACGGAC,1
TATGCCGTATCCACAG,1
TATGTAGTATCCACAG,1
TATGTCATATCCACAG,1
TATGTCGCATCCACAG,1
TATGTCGTATCCACAC,1
TATGTCGTATCCACAT,1
TATTAGTCCTCGTATG,1
TATTATAAGGCGGCAT,1
TATTCCTAACCAGCGA,1
TATTCCTAACGAGCGA,1
TATTCCTAACTAGCAA,1
TATTCCTAACTAGCCA,1
TATTCCTAACTAGCCC,1
TATTCCTAACTAGCGG,1
TATTCCTAACTAGCGT,1
TATTCCTAAGTAGCGA,1
TATTCTTAACTAGCGA,1
TATTTCTAACTAGCGA,1
TCAAGAGCGGTAAGAG,1
TCAATCCCAGCCTTTA,1
TCAATCGGGGGCTAAG,1
TCAATCGGGGGCTGAA,1
TCAATCGGTGGCTAAA,1
TCAATCGTGTTCTAAA,1
TCAATGGGGGGCTAAA,1
TCAATTACTAGCCGGA,1
TCAATTGGGGGCTAAA,1
TCACGAATTTGATTCC,1
TCACGACTCGAATAAC,1
TCACGACTCGACTAAT,1
TCACGACTCGACTACC,1
TCACGACTCGACTAGC,1
TCACGATTCGACTAAC,1
TCAGGGGTGTACGAGA,1
TCATCCGTTGGGAACT,1
TCATCTGTAGAGCGCT,1
TCATCTGTGACATTGC,1
TCATGGGTCTACGAGA,1
TCATGGGTGCACGAGA,1
TCATGGGTGTACAAGA,1
TCATGGGTGTACGAGG,1
TCATGGGTGTACGGGA,1
TCATGGGTGTGCGAGA,1
TCATGGGTGTGCTAGA,1
TCCAGAACGGTAAGAG,1
TCCAGCACGGTAAGAG,1
TCCAGCGCGGTAAGAC,1
TCCAGCGCGGTAGGAG,1
TCCAGCGCTGTAAGAG,1
TCCAGCTCGGTAAGAG,1
TCCAGTGCGGTAAGAG,1
TCCCAGCTCTTAGCCG,1
TCCGGAAACGATCCCC,1
TCCTAGAGTGAACGAT,1
TCCTGTCCAGACTCGT,1
TCCTTTACGGATCTCT,1
TCGACTACTAGCCGGA,1
TCGACTCACCGAATAA,1
TCGAGTTGATATGCGC,1
TCGATCACTAGCCGGA,1
TCGATGACTAGCCGGA,1
TCGATTACGAGCCGGA,1
TCGATTACTAGCCGCC,1
TCGATTACTAGCCGTC,1
TCGATTACTCTTCGGA,1
TCGATTAGTAGCCGGA,1
TCGCAGCTCTTAGCCG,1
TCGCATAGATGTAATC,1
TCGCCGCACTACTGCT,1
TCGCCGTGGTTTGACA,1
TCGGAGTAGGCGGCAT,1
TCGGATTAGGCGGCAT,1
TCGGGGAACGGGAAGC,1
TCGTAGAGTGAACGAT,1
TCGTATTAGGCGGCAT,1
TCGTCCATTGGGAACT,1
TCGTCCGCTGGGAACT,1
TCGTCCGCTTCATGCT,1
TCGTCCGGTGGGAACT,1
TCGTCCGTCGGGAACT,1
TCGTCGAACTACTGCT,1
TCGTCGCACTAATGCT,1
TCGTCGCACTACTGCG,1
TCGTCGCACTCCTGCT,1
TCGTCGCACTCCTTCT,1
TCGTCGCACTGCTGCT,1
TCGTCGCGCTACTGCT,1
TCGTCGGTTGGGAACT,1
TCGTCTCACTACTTCT,1
TCGTCTCGCTACTGCT,1
TCTAACTCCCGCGGCA,1
TCTAGAAACGATCCCC,1
TCTAGCGCGGTAAGAG,1
TCTCAGCGTTGTTTTG,1
TCTCAGCTCTTAGCTG,1
TCTCGTGATACTCACA,1
TCTGAGCTCTTAGCCG,1
TCTGATTAGGCGGCAT,1
TCTGGAAACAATCCCC,1
TCTGGAAACGATCACC,1
TCTGGAAACGATCCCG,1
TCTGGAAACGATCCGC,1
TCTGGAAACGATGCCC,1
TCTGGAAACGATTCCC,1
TCTGGAAACTATCCCC,1
TCTTAATAGGCGGCAT,1
TCTTAGAGTGAACAAT,1
TCTTAGAGTGAACCAT,1
TCTTAGAGTGAACGAC,1
TCTTAGAGTGAACGGT,1
TCTTAGAGTGAAGGAT,1
TCTTAGAGTGGACGAT,1
TCTTAGATTGAACGAT,1
TCTTAGCTCTTAGCCG,1
TCTTATAAGGCGGCAT,1
TCTTATTAAGAGGCAT,1
TCTTATTAGGCCGCAT,1
TCTTATTAGGCGGCTT,1
TCTTATTAGTCGTCAT,1
TCTTATTAGTCTTCAT,1
TCTTCGCACTACTGCT,1
TCTTGAAACGATCCCC,1
TCTTGACATATCGATG,1
TGAAAACAATACAAAT,1
TGAAAACATTACAAAT,1
TGACAACAACACAAAT,1
TGACAACAATTCAAAT,1
TGACAACAGTACAAAT,1
TGACAACGATACAAAT,1
TGACGACAATACAAAT,1
TGACTTCATAGCTCCA,1
TGAGAACAATACAAAT,1
TGAGCTTTTACATTTA,1
TGAGGTCATAGCTCCA,1
TGAGGTGGTCGATCCG,1
TGAGTTCACAGCTCCA,1
TGAGTTCAGAGATCCA,1
TGAGTTCATAGCTCCC,1
TGAGTTCATAGCTCGA,1
TGAGTTCATAGTTCCA,1
TGAGTTCGTAGCTCCA,1
TGATCCGTGACATTGC,1
TGATCGTTTACATTTA,1
TGATCTATTACATTTA,1
TGATCTCTGACATTGC,1
TGATCTGTAGAGCGCT,1
TGATCTGTGACATTCC,1
TGATCTGTGACATTTT,1
TGATCTGTGAGATTGC,1
TGATCTGTTACATTGC,1
TGATCTGTTACATTTA,1
TGATCTTATACATTTA,1
TGATCTTTTACAGTTA,1
TGATCTTTTACATCTA,1
TGATCTTTTACATGTA,1
TGATCTTTTACATTTG,1
TGATCTTTTCCCTTTA,1
TGATGTTTTACATTTA,1
TGCCCATGATGGGGAT,1
TGCCTGCTGCGGAACG,1
TGCGGTGATCGATCCG,1
TGCGGTGGTCGATACG,1
TGCGGTGGTCGATCCT,1
TGCGGTGTTCGATCCG,1
TGCGTTGGTCGATCCG,1
TGCTAGCAATAAAATC,1
TGCTCATGCTGGGGAT,1
TGCTGAATTAAGTATG,1
TGCTGTAATCTGAATA,1
TGGAACCGTCACCGAT,1
TGGAATCGTAACCGAT,1
TGGAATCGTCACCGTT,1
TGGATATCCAACACCA,1
TGGATTACTAGCCGGA,1
TGGCAACAATACAAAT,1
TGGCATAGATGTAATC,1
TGGGAAATGTAAATGA,1
TGGTACGCTTCATGCT,1
TGGTCAACTTCATGCT,1
TGGTCCACTTCATGCT,1
TGGTCCGCGATAACGG,1
TGGTCCGCTTCAGGCT,1
TGGTCCGCTTCATGAT,1
TGGTCCGCTTCATGCA,1
TGGTCCGTTGGGAACT,1
TGGTCGCACTACTGCT,1
TGTAATAGGAGTCACA,1
TGTAATAGGCATCACA,1
TGTAATAGGCGTCAAA,1
TGTAATAGGCGTCACT,1
TGTAATAGGCGTGACA,1
TGTAATAGGCTTCACA,1
TGTAATGGGCGTCACA,1
TGTACAGTGTAATCGA,1
TGTATTTGCGCTTCAA,1
TGTCCGGATAAAGGAG,1
TGTCGAGCGCCCTTAC,1
TGTCGTAATCTGAATA,1
TGTCGTGATACTCACA,1
TGTGAAGCGCCCTTAC,1
TGTGGACAAGATTGTA,1
TGTGGAGCGCCCTTTC,1
TGTGTTCATAGCTCCA,1
TGTTCAGCGATAACGG,1
TGTTCCGCTTCATGCT,1
TGTTCCTAACTAGCGA,1
TGTTGGAATCTGAATA,1
TGTTGTAAGCTGAATA,1
TGTTTTTGGTTCGAGG,1
TTAAATAGATGTAATC,1
TTAACGTTTGTGCAAA,1
TTAACTCACCGAATAA,1
TTAATGTAGCCGCTCA,1
TTAATGTAGCCTCTCC,1
TTAATTTAAGTATCAA,1
TTACAAATTTGATTCC,1
TTACACAGAACCTATC,1
TTACCAATTTGATTCC,1
TTACCTGTAGAGCGCT,1
TTACGAATTGGATTCC,1
TTACGAATTTGATACC,1
TTAGCAAAGATATACC,1
TTATCTGGAGAGCGCT,1
TTATCTGTAGAGAGAT,1
TTATCTGTGACATTGC,1
TTATCTGTGATATTGC,1
TTATCTGTGGAGCTCT,1
TTCATCAAGTTGGTGT,1
TTCCAATTGAAACATA,1
TTCCAGCGTTGTTTTG,1
TTCCCATGCTGGGGAT,1
TTCTAGCAATAAAATC,1
TTCTATTCCGGCGCGG,1
TTCTCTCCAGACTCGT,1
TTCTGTCCAGACTCGG,1
TTCTGTCCAGAGTCGT,1
TTCTGTCCAGATTCGT,1
TTCTGTCGAGACTCGT,1
TTGAAAAAATCATACA,1
TTGACTCACCGAATAT,1
TTGACTCACCGAATCC,1
TTGACTCACCGGATAA,1
TTGACTTACCGAATAA,1
TTGATTACTAGCCGGA,1
TTGCAAAAAATTTTAG,1
TTGCAAAAAGGTTTAG,1
TTGCAAAAAGTCTTAG,1
TTGCAAAAAGTTTAAG,1
TTGCAAAAAGTTTGAG,1
TTGCAAAAGGTTTTAG,1
TTGCAATCGAAACATA,1
TTGCAATTGAAACACA,1
TTGCAATTGAAGCATA,1
TTGCAATTGCCCCATA,1
TTGCACAGAACCTAGC,1
TTGCACAGAACCTATC,1
TTGCAGAGATGTAATC,1
TTGCAGTTGAAACATA,1
TTGCATAGATGTAACC,1
TTGCATAGATGTAAGC,1
TTGCATAGATGTAATA,1
TTGCATAGGTGTAATC,1
TTGCATGGATGTAATC,1
TTGCGAAAAGTTTTAG,1
TTGCTCCAGAGTAGTA,1
TTGCTCCTAAGTAGTA,1
TTGCTCCTGAGGAGTA,1
TTGCTCCTGAGTAGGA,1
TTGCTCCTGCTTCGTA,1
TTGCTCCTTCCTCTTA,1
TTGCTCGTGAGTAGTA,1
TTGCTCTTGAGTAGTA,1
TTGGAATTGAAACATA,1
TTGGATCAGTAGCGCC,1
TTGGGCAACGGGAAGC,1
TTGGGGAACGAGAAGC,1
TTGGGGAACGGGAACC,1
TTGGGGAACGGGAAGG,1
TTGGGGAACGGGACGC,1
TTGGGGAAGGGGAAGC,1
TTGGGGAGCGGGAAGC,1
TTGGGGTACGGGAAGC,1
TTGGTATCAAGCCGGG,1
TTGTACCAGTCGCGCC,1
TTGTATAATTCGCGCC,1
TTGTATACGTCGCGCC,1
TTGTATAGATGTAATC,1
TTGTATCAATCGCGCC,1
TTGTATCAGAAGCGCC,1
TTGTATCAGCCGCGCC,1
TTGTATCAGTAGAGCC,1
TTGTATCAGTAGCGAC,1
TTGTATCAGTAGCGCT,1
TTGTATCAGTAGCGTC,1
TTGTATCAGTAGTGCC,1
TTGTATCAGTCGCGTC,1
TTGTATCAGTGGCGCC,1
TTGTATCGGTCGCGCC,1
TTGTATTAGTCGCGCC,1
TTGTGTCAGTAGCGCC,1
TTGTGTCCAGACTCGT,1
TTTAGATCCAACACCA,1
TTTATACCCAACACCA,1
TTTATATCCAACAACT,1
TTTATATCCAACACCC,1
TTTATATCCAACATCA,1
TTTATATCCATCACCA,1
TTTATATCGAACACCA,1
TTTATATGCAACACCA,1
TTTATATTCAACACCA,1
TTTCACAAAACCTATC,1
TTTCACACAACCTATC,1
TTTCACAGAACCGAGC,1
TTTCACAGAACCTGTC,1
TTTCACAGAAGCTATC,1
TTTCACAGAATCTATC,1
TTTCAGAGGGGTTGTG,1
TTTCAGCATTGTTTTG,1
TTTCAGCGTGGTTTTG,1
TTTCAGCGTTGTTCTG,1
TTTCAGCGTTGTTTTT,1
TTTCAGCTCTTAGCCG,1
TTTCAGCTTTTTTTTG,1
TTTCCGAATGTGGTAG,1
TTTCCTGATACTCACA,1
TTTCGGCGTTGTTTTG,1
TTTCGGCTCTTGATTA,1
TTTCGTAATACTCACA,1
TTTCGTGATACTCACG,1
TTTCGTGATACTCATA,1
TTTCGTGATACTCCTA,1
TTTCGTGATACTCGCA,1
TTTCGTGATACTGACA,1
TTTCGTGATCCTCACA,1
TTTCTTGATACTCATA,1
TTTGGGGGAAGTTGTG,1
TTTTAAATTATAGTCT,1
TTTTGAGCGCCCTTAC,1
TTTTGTCCAGACTCGT,1
TTTTTCTAGTACGCTT,1
