,barcode,strain
0,ctggaggcctggcccc,A/Maryland/64/2024_H1N1
1,aggtggacgggcatgg,A/Maryland/64/2024_H1N1
2,gcatggaactaactcc,A/Qinghai-Chengzhong/SWL1410/2024_H1N1
3,aatttatccgagagcg,A/Qinghai-Chengzhong/SWL1410/2024_H1N1
4,tcgagttaatatgcgc,A/Ulsan/492/2025_H1N1
5,taacgtgatttctcga,A/Ulsan/492/2025_H1N1
6,accgattcacgaataa,A/Massachusetts/ISC-1679/2025_H1N1
7,atgggattggagaaac,A/Massachusetts/ISC-1679/2025_H1N1
8,gccggcgttagtgtca,A/Singapore/MOH0547/2024_H1N1
9,cttacagaatactaga,A/Singapore/MOH0547/2024_H1N1
10,acagtacgatctacgc,A/Victoria/3599/2024_H1N1
11,gtgcgattgtccggaa,A/Victoria/3599/2024_H1N1
12,tcgaacgaagtaggag,A/Oregon/261/2024_H1N1
13,ctcaaataattggcgc,A/Oregon/261/2024_H1N1
14,aattgaacgtcatacc,A/Wisconsin/30/2025_H1N1
15,atttaaattcgaggac,A/Wisconsin/30/2025_H1N1
16,tgcggtggtcgatccg,A/TOKYO/EIS11-277/2024_H1N1
17,tgtccggataaagtag,A/TOKYO/EIS11-277/2024_H1N1
18,cgaaacacgtcccagt,A/Vermont/05/2025_H1N1
19,gtgcatcctagtgacg,A/Vermont/05/2025_H1N1
20,ccggataaatcagaac,A/KANAGAWA/AC2408/2025_H1N1
21,tctaactctcgcggca,A/KANAGAWA/AC2408/2025_H1N1
22,gattcagatgcccacc,A/Vladimir/RII-MH223382S/2024_H1N1
23,tttatatcgagattca,A/Vladimir/RII-MH223382S/2024_H1N1
24,atcaggataatcgcgc,A/Pakistan/306/2024_H1N1
25,tgttgagccagtctga,A/Pakistan/306/2024_H1N1
26,gaaagtccctatgatg,A/Ufa/CRIE/47/2024_H1N1
27,cgactccacggacgcc,A/Ufa/CRIE/47/2024_H1N1
28,cgtgaccccctccaac,A/Oregon/11/2025_H1N1
29,gaccccttgtaagatg,A/Oregon/11/2025_H1N1
30,agatccaccctatagt,A/Bangkok/P176/2025_H1N1
31,ataactgagggcattg,A/Bangkok/P176/2025_H1N1
32,gatcacgcagaaaaag,A/Shanghai-Huangpu/SWL12109/2024_H1N1
33,atacacgaggttgtga,A/Shanghai-Huangpu/SWL12109/2024_H1N1
34,ctcttacgctcctacg,A/Vermont/10/2025_H1N1
35,tcttagtcctcgtatg,A/Vermont/10/2025_H1N1
36,caccaatcttcgaact,A/Santiago/101713/2024_H1N1
37,cactagatgtacagtc,A/Santiago/101713/2024_H1N1
38,gaggggatacgtcacc,A/Tambov/160-1V/2024_H1N1
39,tctttaccactgcatc,A/Tambov/160-1V/2024_H1N1
40,aggttcagactcttgc,A/Uganda/UVRI_KIS6850_2024_H1N1
41,aattcgtgagtactag,A/Uganda/UVRI_KIS6850_2024_H1N1
42,gcaacagtcctagcaa,A/Queensland/IN000684/2024_H1N1
43,aaatgtttaatagacg,A/Queensland/IN000684/2024_H1N1
44,gtacccagttcctgcg,A/Maldives/2132/2024_H1N1
45,gaaatccccaaataac,A/Maldives/2132/2024_H1N1
46,agtttttataacttgc,A/Zacapa/FLU-012/2025_H1N1
47,gtagaactgcggcccc,A/Zacapa/FLU-012/2025_H1N1
48,cgcgacacccttccgg,A/Colorado/218/2024_H1N1
49,cagtagttgtcatggg,A/Colorado/218/2024_H1N1
50,cattgagacgcgcaag,A/Qatar/83328/2024_H1N1
51,tgctattccggcgcgg,A/Qatar/83328/2024_H1N1
52,acgtccattaagatca,A/Ohio/259/2024_H1N1
53,cacggccggcgaactc,A/Ohio/259/2024_H1N1
54,agatcccaggtccttt,A/Wisconsin/NIRC-IS-1111/2025_H1N1
55,ttaatgtagccgctcc,A/Wisconsin/NIRC-IS-1111/2025_H1N1
56,tagctgatagtaactc,A/Madagascar/00003/2025_H1N1
57,gagcttgctatggatc,A/Madagascar/00003/2025_H1N1
58,ccaagcttggcgcatc,A/Minnesota/131/2024_H1N1
59,tacaagagaggggtcc,A/Minnesota/131/2024_H1N1
60,tattaagagaagtgcg,A/Illinois/65/2024_H1N1
61,tcgcttcaactaaaaa,A/Illinois/65/2024_H1N1
62,aacacgtagaaccgcc,A/Busan/277/2025_H1N1
63,atggttttacgtccat,A/Busan/277/2025_H1N1
64,gacaaaagggacatat,A/Tennessee/04/2025_H1N1
65,acagtccaccattgag,A/Tennessee/04/2025_H1N1
66,acacgggttggctgta,A/Iowa/123/2024_H1N1
67,aatgcgagcatgtcaa,A/Iowa/123/2024_H1N1
68,tcttgacatagcgatg,A/Saint-Petersburg/RII-04/2025_H1N1
69,aggactatagttggca,A/Saint-Petersburg/RII-04/2025_H1N1
70,aaggtccctatgtaat,A/Utah/39/2025_H1N1
71,gtggtatcaagccggg,A/Utah/39/2025_H1N1
72,cacgggctaatgtctc,A/Hawaii/ISC-1140/2025_H1N1
73,gcgaagtttcatagcg,A/Hawaii/ISC-1140/2025_H1N1
74,tgcagtggtatacata,A/NovaScotia/ET1801CP00018S/2025_H1N1
75,cttactgcgcgagagt,A/NovaScotia/ET1801CP00018S/2025_H1N1
76,cccccgctgtttaaaa,A/Washington/284/2024_H3N2
77,aacggttccgactaag,A/Washington/284/2024_H3N2
78,aacctacgagacgtaa,A/Wisconsin/NIRC-IS-1028/2024_H3N2
79,tcaatcgggggctaaa,A/Wisconsin/NIRC-IS-1028/2024_H3N2
80,ccgcgcacgtttagag,A/Maldives/2147/2024_H3N2
81,gaagtacgctgaatga,A/Maldives/2147/2024_H3N2
82,cggtcgggactcatct,A/Utah/94/2024_H3N2
83,atggcccacgggcata,A/Utah/94/2024_H3N2
84,cccctcctctaaagtt,A/Washington/UW-25728/2024_H3N2
85,tgtaataggcgtcaca,A/Washington/UW-25728/2024_H3N2
86,cttttctagtacgctt,A/Nevada/216/2024_H3N2
87,atacacgcatgtgcca,A/Nevada/216/2024_H3N2
88,ccctttacggatctct,A/CoteD'Ivoire/4448/2024_H3N2
89,gcctaaaggatcatga,A/CoteD'Ivoire/4448/2024_H3N2
90,gatcgccactgataag,A/Colombia/7681/2024_H3N2
91,ccctatgaaataagct,A/Colombia/7681/2024_H3N2
92,aagcccagcgggtgat,A/Colombia/1851/2024_H3N2
93,gtagatactaggacca,A/Colombia/1851/2024_H3N2
94,aactgcgttcatcgat,A/Oregon/265/2024_H3N2
95,ctataaaccgtttgta,A/Oregon/265/2024_H3N2
96,tatgtcgtatccacag,A/Queensland/IN000803/2024_H3N2
97,cgcagcattggtcgcc,A/Queensland/IN000803/2024_H3N2
98,tcgtccgttgggaact,A/Kentucky/57/2024_H3N2
99,gttgctccgacacgcc,A/Kentucky/57/2024_H3N2
100,caggctctagagctct,A/Tennessee/99/2024_H3N2
101,tgtggagcgcccttac,A/Tennessee/99/2024_H3N2
102,agaaaatctcagatac,A/Texas/ISC-1342/2025_H3N2
103,tctggaaacgatcccc,A/Texas/ISC-1342/2025_H3N2
104,atataaaaaacttagt,A/Sydney/43/2025_H3N2
105,cgtttttggttcgagg,A/Sydney/43/2025_H3N2
106,ttactacactttgcaa,A/Busan/461/2025_H3N2
107,ccctgcgcggctcggg,A/Busan/461/2025_H3N2
108,ccgcattagcgggagg,A/Maldives/2186/2024_H3N2
109,tcttattaggcggcat,A/Maldives/2186/2024_H3N2
110,tctcagctcttagccg,A/Texas/ISC-1148/2025_H3N2
111,accgaatgaatcatcc,A/Texas/ISC-1148/2025_H3N2
112,attagggctacgtgag,A/Manitoba/RV04865/2024_H3N2
113,tgacaacaatacaaat,A/Manitoba/RV04865/2024_H3N2
114,gtaagcttcatggagt,A/Switzerland/860423897313/2023_H3N2
115,acgtatgattttcgag,A/Switzerland/860423897313/2023_H3N2
116,ccaacacaaaaaatta,A/Michigan/120/2024_H3N2
117,ctgagctgccaataag,A/Michigan/120/2024_H3N2
118,gtgagcgagaaaagca,A/Canberra/613/2024_H3N2
119,tagcattgtcggaaag,A/Canberra/613/2024_H3N2
120,agaccgccagtttcgt,A/Saskatchewan/RV04835/2024_H3N2
121,caaatgctgcattagg,A/Saskatchewan/RV04835/2024_H3N2
122,acattttccaataggt,A/Queensland/IN000692/2024_H3N2
123,tccagcgcggtaagag,A/Queensland/IN000692/2024_H3N2
124,gaggggtagagatacg,A/Netherlands/01502/2025_H3N2
125,ttctgtccagactcgt,A/Netherlands/01502/2025_H3N2
126,cgtgtacccttcagca,A/Tasmania/790/2024_H3N2
127,cttcggctcttgatta,A/Tasmania/790/2024_H3N2
128,ccttgatgcattcccg,A/Vermont/13/2025_H3N2
129,aacttccgtcgcctga,A/Vermont/13/2025_H3N2
130,aagcggtgatgtgatt,A/Victoria/3482/2024_H3N2
131,caccgcgccgagcacc,A/Victoria/3482/2024_H3N2
132,tattaatacctgggaa,A/Utah/87/2024_H3N2
133,attccgaatggggtag,A/Utah/87/2024_H3N2
134,aggcccgtaaggacta,A/Victoria/3480/2024_H3N2
135,gcatcctcaactccta,A/Victoria/3480/2024_H3N2
136,cctgggttaagttgtg,A/Washington/15245/2025_H3N2
137,ctcctaggggacgatt,A/Washington/15245/2025_H3N2
138,actacgaggctacgta,A/Pennsylvania/288/2024_H3N2
139,agtgttggcttggtta,A/Pennsylvania/288/2024_H3N2
140,gatcttggggagagtc,A/New_York/191/2024_H3N2
141,taggcatcgctgtgtc,A/New_York/191/2024_H3N2
142,gagagctgcagaagcg,A/Tasmania/788/2024_H3N2
143,ctatttaacagacgta,A/Tasmania/788/2024_H3N2
144,ttacgaatttgattcc,A/Punta_Arenas/83659/2024_H3N2
145,acgtgtctccgagcaa,A/Punta_Arenas/83659/2024_H3N2
146,agtatttgcgcttcaa,A/Rhode_Island/66/2024_H3N2
147,catgtggagcccaaca,A/Rhode_Island/66/2024_H3N2
148,tacataccgacgcagt,A/Minnesota/126/2024_H3N2
149,aaacccataagacccc,A/Minnesota/126/2024_H3N2
150,gacgggatgggcacgt,A/Massachusetts/ISC-1684/2025_H3N2
151,tgatctgtgacattgc,A/Massachusetts/ISC-1684/2025_H3N2
152,agcccatgctggggat,A/India/Pune-NIV24_3439/2024_H3N2
153,attatcatatctaata,A/India/Pune-NIV24_3439/2024_H3N2
154,actctggctcgctaat,A/Colorado/ISC-1416/2024_H3N2
155,ctgtacctgcagttga,A/Colorado/ISC-1416/2024_H3N2
156,cgttcagcgataacgg,A/Texas/ISC-1322/2025_H3N2
157,gtcaagttacggatgg,A/Texas/ISC-1322/2025_H3N2
158,catgggaattgccact,A/Texas/ISC-1274/2025_H3N2
159,aagttagtagacccac,A/Texas/ISC-1274/2025_H3N2
160,ctagcacagcgtaggc,A/Massachusetts/93/2024_H3N2
161,tcacgactcgactaac,A/Massachusetts/93/2024_H3N2
162,tactgataaccctgcg,A/Santa_Catarina/333/2025_H3N2
163,tcgtcgcactactgct,A/Santa_Catarina/333/2025_H3N2
164,agcatagggatatgtg,A/Sao_Paulo/358026766-IAL/2024_H3N2
165,tattcctaactagcga,A/Sao_Paulo/358026766-IAL/2024_H3N2
166,tttcagcgttgttttg,A/Tasmania/836/2024_H3N2
167,aagattgattgaagtt,A/Tasmania/836/2024_H3N2
168,accgttgtacacacca,A/Victoria/46/2024_H3N2
169,aacttccctgactgct,A/Victoria/46/2024_H3N2
170,caccatcagcacctag,A/Minnesota/97/2024_H3N2
171,agcgacatcgcccttt,A/Minnesota/97/2024_H3N2
172,gcagcgtgccggtcat,A/Victoria/96/2025_H3N2
173,acaagattcgggggac,A/Victoria/96/2025_H3N2
174,ctaatttaagtatcaa,A/Wisconsin/172/2024_H3N2
175,gaagtgcgtattgagt,A/Wisconsin/172/2024_H3N2
176,gtaagcaaagttgacc,A/Minnesota/133/2024_H3N2
177,ctgagggattcaactc,A/Minnesota/133/2024_H3N2
178,gcttgtcgcaaacagc,A/Texas/15550/2024_H3N2
179,ctatattgcccggaag,A/Texas/15550/2024_H3N2
180,actgtctagaaatttt,A/France/PAC-RELAB-HCL024172122101/2024_H3N2
181,ctagtcacacgcacac,A/France/PAC-RELAB-HCL024172122101/2024_H3N2
182,cggccagggaatcaaa,A/Rhode_Island/15446/2025_H3N2
183,agcatctaacagatag,A/Rhode_Island/15446/2025_H3N2
184,agtgttgaataggcga,A/Ecuador/1385/2024_H3N2
185,cggaccctagatggta,A/Ecuador/1385/2024_H3N2
186,agtcgtttagatagtt,A/Ghana/FS-25-0256/2025_H3N2
187,gcctaagcgtgggcgg,A/Ghana/FS-25-0256/2025_H3N2
188,ttgctcctgagtagta,A/Indiana/46/2024_H3N2
189,aagaagactttgtgat,A/Indiana/46/2024_H3N2
190,aaggggcctcataatg,A/BurkinaFaso/3131/2023_H3N2
191,tactaatgccgttgtc,A/BurkinaFaso/3131/2023_H3N2
192,cttaggtattatatgc,A/Lisboa/216/2023_H3N2
193,aaaggcgcgccttcaa,A/Lisboa/216/2023_H3N2
194,gccgctgcggcgtgtg,A/Norway/12374/2023_H3N2
195,gtcgcatcctggaatg,A/Norway/12374/2023_H3N2
196,acggggattggctgtt,A/France/IDF-IPP29542/2023_H3N2
197,gaaagccccgtgcaat,A/France/IDF-IPP29542/2023_H3N2
198,tacctgctgcggaacg,A/Netherlands/10563/2023_H3N2
199,tgatcttttacattta,A/Netherlands/10563/2023_H3N2
200,aatgaaacaatcgaac,A/Slovenia/49/2024_H3N2
201,aatcgctggcacccgt,A/Slovenia/49/2024_H3N2
202,aggagtatgaagagcg,A/Switzerland/47775/2024_H3N2
203,cagaacctcgttgtct,A/Switzerland/47775/2024_H3N2
204,cccgggaccaaaactg,A/Florida/ISC-1241/2025_H3N2
205,ttggggaacgggaagc,A/Florida/ISC-1241/2025_H3N2
206,acaatctgaaccatac,A/Massachusetts/BI_MGH-23147/2025_H3N2
207,cgggaacatacataac,A/Massachusetts/BI_MGH-23147/2025_H3N2
208,gtccgtcagcataaac,A/Michigan/UM-10062100736/2025_H3N2
209,accagcaatgagttgt,A/Michigan/UM-10062100736/2025_H3N2
210,caaaatctacggcgac,A/France/BRE-IPP01880/2025_H3N2
211,cgcactttacgagaca,A/France/BRE-IPP01880/2025_H3N2
212,tttcgtgatactcaca,A/DE/DE-DHSS-901/2025_(H3N2)_H3N2
213,tggtccgcttcatgct,A/DE/DE-DHSS-901/2025_(H3N2)_H3N2
214,gcaaacagtgtagttg,A/France/ARA-RELAB-HCL025017178801/2025_H3N2
215,ctcaatgtcgtaggat,A/France/ARA-RELAB-HCL025017178801/2025_H3N2
216,tcatgggtgtacgaga,A/Michigan/UM-10062069629/2025_H3N2
217,ctgaacttatctgtgg,A/Michigan/UM-10062069629/2025_H3N2
218,tttatatccaacacca,A/Mato_Grosso_do_Sul/518/2025_H3N2
219,gccatttactgaaggg,A/Mato_Grosso_do_Sul/518/2025_H3N2
220,gcctttgcgcgcagtc,A/Badajoz/18680568/2025_H3N2
221,tttcacagaacctatc,A/Badajoz/18680568/2025_H3N2
222,agttggggtctccctt,A/Amapa/021563-IEC/2024_H3N2
223,ttgtatcagtcgcgcc,A/Amapa/021563-IEC/2024_H3N2
224,cgaaccgcagacacgt,A/New_York/39/2025_H3N2
225,gatcgccatcgacttc,A/New_York/39/2025_H3N2
226,gccagctcgtatccct,A/New_York/GKISBBBE61555/2025_H3N2
227,aacagaagtccatgta,A/New_York/GKISBBBE61555/2025_H3N2
228,gaagtgctgctgaagt,A/Croatia/10136RV/2023_H3N2
229,gtcgccgctaatccga,A/Croatia/10136RV/2023_H3N2
230,ACCCCCGGAGCTTGGC,A/Lisboa/188/2023_H1N1
231,AGCTCCTGGGGTATCA,A/Lisboa/188/2023_H1N1
