barcode,strain
ctggaggcctggcccc,A/Maryland/64/2024_H1N1
aggtggacgggcatgg,A/Maryland/64/2024_H1N1
gcatggaactaactcc,A/Qinghai-Chengzhong/SWL1410/2024_H1N1
aatttatccgagagcg,A/Qinghai-Chengzhong/SWL1410/2024_H1N1
tcgagttaatatgcgc,A/Ulsan/492/2025_H1N1
taacgtgatttctcga,A/Ulsan/492/2025_H1N1
accgattcacgaataa,A/Massachusetts/ISC-1679/2025_H1N1
atgggattggagaaac,A/Massachusetts/ISC-1679/2025_H1N1
gccggcgttagtgtca,A/Singapore/MOH0547/2024_H1N1
cttacagaatactaga,A/Singapore/MOH0547/2024_H1N1
acagtacgatctacgc,A/Victoria/3599/2024_H1N1
gtgcgattgtccggaa,A/Victoria/3599/2024_H1N1
tcgaacgaagtaggag,A/Oregon/261/2024_H1N1
ctcaaataattggcgc,A/Oregon/261/2024_H1N1
aattgaacgtcatacc,A/Wisconsin/30/2025_H1N1
atttaaattcgaggac,A/Wisconsin/30/2025_H1N1
tgcggtggtcgatccg,A/TOKYO/EIS11-277/2024_H1N1
tgtccggataaagtag,A/TOKYO/EIS11-277/2024_H1N1
cgaaacacgtcccagt,A/Vermont/05/2025_H1N1
gtgcatcctagtgacg,A/Vermont/05/2025_H1N1
ccggataaatcagaac,A/KANAGAWA/AC2408/2025_H1N1
tctaactctcgcggca,A/KANAGAWA/AC2408/2025_H1N1
gattcagatgcccacc,A/Vladimir/RII-MH223382S/2024_H1N1
tttatatcgagattca,A/Vladimir/RII-MH223382S/2024_H1N1
atcaggataatcgcgc,A/Pakistan/306/2024_H1N1
tgttgagccagtctga,A/Pakistan/306/2024_H1N1
gaaagtccctatgatg,A/Ufa/CRIE/47/2024_H1N1
cgactccacggacgcc,A/Ufa/CRIE/47/2024_H1N1
cgtgaccccctccaac,A/Oregon/11/2025_H1N1
gaccccttgtaagatg,A/Oregon/11/2025_H1N1
agatccaccctatagt,A/Bangkok/P176/2025_H1N1
ataactgagggcattg,A/Bangkok/P176/2025_H1N1
gatcacgcagaaaaag,A/Shanghai-Huangpu/SWL12109/2024_H1N1
atacacgaggttgtga,A/Shanghai-Huangpu/SWL12109/2024_H1N1
ctcttacgctcctacg,A/Vermont/10/2025_H1N1
tcttagtcctcgtatg,A/Vermont/10/2025_H1N1
caccaatcttcgaact,A/Santiago/101713/2024_H1N1
cactagatgtacagtc,A/Santiago/101713/2024_H1N1
gaggggatacgtcacc,A/Tambov/160-1V/2024_H1N1
tctttaccactgcatc,A/Tambov/160-1V/2024_H1N1
aggttcagactcttgc,A/Uganda/UVRI_KIS6850_2024_H1N1
aattcgtgagtactag,A/Uganda/UVRI_KIS6850_2024_H1N1
gcaacagtcctagcaa,A/Queensland/IN000684/2024_H1N1
aaatgtttaatagacg,A/Queensland/IN000684/2024_H1N1
gtacccagttcctgcg,A/Maldives/2132/2024_H1N1
gaaatccccaaataac,A/Maldives/2132/2024_H1N1
agtttttataacttgc,A/Zacapa/FLU-012/2025_H1N1
gtagaactgcggcccc,A/Zacapa/FLU-012/2025_H1N1
cgcgacacccttccgg,A/Colorado/218/2024_H1N1
cagtagttgtcatggg,A/Colorado/218/2024_H1N1
cattgagacgcgcaag,A/Qatar/83328/2024_H1N1
tgctattccggcgcgg,A/Qatar/83328/2024_H1N1
acgtccattaagatca,A/Ohio/259/2024_H1N1
cacggccggcgaactc,A/Ohio/259/2024_H1N1
agatcccaggtccttt,A/Wisconsin/NIRC-IS-1111/2025_H1N1
ttaatgtagccgctcc,A/Wisconsin/NIRC-IS-1111/2025_H1N1
tagctgatagtaactc,A/Madagascar/00003/2025_H1N1
gagcttgctatggatc,A/Madagascar/00003/2025_H1N1
ccaagcttggcgcatc,A/Minnesota/131/2024_H1N1
tacaagagaggggtcc,A/Minnesota/131/2024_H1N1
tattaagagaagtgcg,A/Illinois/65/2024_H1N1
tcgcttcaactaaaaa,A/Illinois/65/2024_H1N1
aacacgtagaaccgcc,A/Busan/277/2025_H1N1
atggttttacgtccat,A/Busan/277/2025_H1N1
gacaaaagggacatat,A/Tennessee/04/2025_H1N1
acagtccaccattgag,A/Tennessee/04/2025_H1N1
acacgggttggctgta,A/Iowa/123/2024_H1N1
aatgcgagcatgtcaa,A/Iowa/123/2024_H1N1
tcttgacatagcgatg,A/Saint-Petersburg/RII-04/2025_H1N1
aggactatagttggca,A/Saint-Petersburg/RII-04/2025_H1N1
aaggtccctatgtaat,A/Utah/39/2025_H1N1
gtggtatcaagccggg,A/Utah/39/2025_H1N1
cacgggctaatgtctc,A/Hawaii/ISC-1140/2025_H1N1
gcgaagtttcatagcg,A/Hawaii/ISC-1140/2025_H1N1
tgcagtggtatacata,A/NovaScotia/ET1801CP00018S/2025_H1N1
cttactgcgcgagagt,A/NovaScotia/ET1801CP00018S/2025_H1N1
cccccgctgtttaaaa,A/Washington/284/2024_H3N2
aacggttccgactaag,A/Washington/284/2024_H3N2
aacctacgagacgtaa,A/Wisconsin/NIRC-IS-1028/2024_H3N2
tcaatcgggggctaaa,A/Wisconsin/NIRC-IS-1028/2024_H3N2
ccgcgcacgtttagag,A/Maldives/2147/2024_H3N2
gaagtacgctgaatga,A/Maldives/2147/2024_H3N2
cggtcgggactcatct,A/Utah/94/2024_H3N2
atggcccacgggcata,A/Utah/94/2024_H3N2
cccctcctctaaagtt,A/Washington/UW-25728/2024_H3N2
tgtaataggcgtcaca,A/Washington/UW-25728/2024_H3N2
cttttctagtacgctt,A/Nevada/216/2024_H3N2
atacacgcatgtgcca,A/Nevada/216/2024_H3N2
ccctttacggatctct,A/CoteD'Ivoire/4448/2024_H3N2
gcctaaaggatcatga,A/CoteD'Ivoire/4448/2024_H3N2
gatcgccactgataag,A/Colombia/7681/2024_H3N2
ccctatgaaataagct,A/Colombia/7681/2024_H3N2
aagcccagcgggtgat,A/Colombia/1851/2024_H3N2
gtagatactaggacca,A/Colombia/1851/2024_H3N2
aactgcgttcatcgat,A/Oregon/265/2024_H3N2
ctataaaccgtttgta,A/Oregon/265/2024_H3N2
tatgtcgtatccacag,A/Queensland/IN000803/2024_H3N2
cgcagcattggtcgcc,A/Queensland/IN000803/2024_H3N2
tcgtccgttgggaact,A/Kentucky/57/2024_H3N2
gttgctccgacacgcc,A/Kentucky/57/2024_H3N2
caggctctagagctct,A/Tennessee/99/2024_H3N2
tgtggagcgcccttac,A/Tennessee/99/2024_H3N2
agaaaatctcagatac,A/Texas/ISC-1342/2025_H3N2
tctggaaacgatcccc,A/Texas/ISC-1342/2025_H3N2
atataaaaaacttagt,A/Sydney/43/2025_H3N2
cgtttttggttcgagg,A/Sydney/43/2025_H3N2
ttactacactttgcaa,A/Busan/461/2025_H3N2
ccctgcgcggctcggg,A/Busan/461/2025_H3N2
ccgcattagcgggagg,A/Maldives/2186/2024_H3N2
tcttattaggcggcat,A/Maldives/2186/2024_H3N2
tctcagctcttagccg,A/Texas/ISC-1148/2025_H3N2
accgaatgaatcatcc,A/Texas/ISC-1148/2025_H3N2
attagggctacgtgag,A/Manitoba/RV04865/2024_H3N2
tgacaacaatacaaat,A/Manitoba/RV04865/2024_H3N2
gtaagcttcatggagt,A/Switzerland/860423897313/2023_H3N2
acgtatgattttcgag,A/Switzerland/860423897313/2023_H3N2
ccaacacaaaaaatta,A/Michigan/120/2024_H3N2
ctgagctgccaataag,A/Michigan/120/2024_H3N2
gtgagcgagaaaagca,A/Canberra/613/2024_H3N2
tagcattgtcggaaag,A/Canberra/613/2024_H3N2
agaccgccagtttcgt,A/Saskatchewan/RV04835/2024_H3N2
caaatgctgcattagg,A/Saskatchewan/RV04835/2024_H3N2
acattttccaataggt,A/Queensland/IN000692/2024_H3N2
tccagcgcggtaagag,A/Queensland/IN000692/2024_H3N2
gaggggtagagatacg,A/Netherlands/01502/2025_H3N2
ttctgtccagactcgt,A/Netherlands/01502/2025_H3N2
cgtgtacccttcagca,A/Tasmania/790/2024_H3N2
cttcggctcttgatta,A/Tasmania/790/2024_H3N2
ccttgatgcattcccg,A/Vermont/13/2025_H3N2
aacttccgtcgcctga,A/Vermont/13/2025_H3N2
aagcggtgatgtgatt,A/Victoria/3482/2024_H3N2
caccgcgccgagcacc,A/Victoria/3482/2024_H3N2
tattaatacctgggaa,A/Utah/87/2024_H3N2
attccgaatggggtag,A/Utah/87/2024_H3N2
aggcccgtaaggacta,A/Victoria/3480/2024_H3N2
gcatcctcaactccta,A/Victoria/3480/2024_H3N2
cctgggttaagttgtg,A/Washington/15245/2025_H3N2
ctcctaggggacgatt,A/Washington/15245/2025_H3N2
actacgaggctacgta,A/Pennsylvania/288/2024_H3N2
agtgttggcttggtta,A/Pennsylvania/288/2024_H3N2
gatcttggggagagtc,A/New_York/191/2024_H3N2
taggcatcgctgtgtc,A/New_York/191/2024_H3N2
gagagctgcagaagcg,A/Tasmania/788/2024_H3N2
ctatttaacagacgta,A/Tasmania/788/2024_H3N2
ttacgaatttgattcc,A/Punta_Arenas/83659/2024_H3N2
acgtgtctccgagcaa,A/Punta_Arenas/83659/2024_H3N2
agtatttgcgcttcaa,A/Rhode_Island/66/2024_H3N2
catgtggagcccaaca,A/Rhode_Island/66/2024_H3N2
tacataccgacgcagt,A/Minnesota/126/2024_H3N2
aaacccataagacccc,A/Minnesota/126/2024_H3N2
gacgggatgggcacgt,A/Massachusetts/ISC-1684/2025_H3N2
tgatctgtgacattgc,A/Massachusetts/ISC-1684/2025_H3N2
agcccatgctggggat,A/India/Pune-NIV24_3439/2024_H3N2
attatcatatctaata,A/India/Pune-NIV24_3439/2024_H3N2
actctggctcgctaat,A/Colorado/ISC-1416/2024_H3N2
ctgtacctgcagttga,A/Colorado/ISC-1416/2024_H3N2
cgttcagcgataacgg,A/Texas/ISC-1322/2025_H3N2
gtcaagttacggatgg,A/Texas/ISC-1322/2025_H3N2
catgggaattgccact,A/Texas/ISC-1274/2025_H3N2
aagttagtagacccac,A/Texas/ISC-1274/2025_H3N2
ctagcacagcgtaggc,A/Massachusetts/93/2024_H3N2
tcacgactcgactaac,A/Massachusetts/93/2024_H3N2
tactgataaccctgcg,A/Santa_Catarina/333/2025_H3N2
tcgtcgcactactgct,A/Santa_Catarina/333/2025_H3N2
agcatagggatatgtg,A/Sao_Paulo/358026766-IAL/2024_H3N2
tattcctaactagcga,A/Sao_Paulo/358026766-IAL/2024_H3N2
tttcagcgttgttttg,A/Tasmania/836/2024_H3N2
aagattgattgaagtt,A/Tasmania/836/2024_H3N2
accgttgtacacacca,A/Victoria/46/2024_H3N2
aacttccctgactgct,A/Victoria/46/2024_H3N2
caccatcagcacctag,A/Minnesota/97/2024_H3N2
agcgacatcgcccttt,A/Minnesota/97/2024_H3N2
gcagcgtgccggtcat,A/Victoria/96/2025_H3N2
acaagattcgggggac,A/Victoria/96/2025_H3N2
ctaatttaagtatcaa,A/Wisconsin/172/2024_H3N2
gaagtgcgtattgagt,A/Wisconsin/172/2024_H3N2
gtaagcaaagttgacc,A/Minnesota/133/2024_H3N2
ctgagggattcaactc,A/Minnesota/133/2024_H3N2
gcttgtcgcaaacagc,A/Texas/15550/2024_H3N2
ctatattgcccggaag,A/Texas/15550/2024_H3N2
actgtctagaaatttt,A/France/PAC-RELAB-HCL024172122101/2024_H3N2
ctagtcacacgcacac,A/France/PAC-RELAB-HCL024172122101/2024_H3N2
cggccagggaatcaaa,A/Rhode_Island/15446/2025_H3N2
agcatctaacagatag,A/Rhode_Island/15446/2025_H3N2
agtgttgaataggcga,A/Ecuador/1385/2024_H3N2
cggaccctagatggta,A/Ecuador/1385/2024_H3N2
agtcgtttagatagtt,A/Ghana/FS-25-0256/2025_H3N2
gcctaagcgtgggcgg,A/Ghana/FS-25-0256/2025_H3N2
ttgctcctgagtagta,A/Indiana/46/2024_H3N2
aagaagactttgtgat,A/Indiana/46/2024_H3N2
aaggggcctcataatg,A/BurkinaFaso/3131/2023_H3N2
tactaatgccgttgtc,A/BurkinaFaso/3131/2023_H3N2
cttaggtattatatgc,A/Lisboa/216/2023_H3N2
aaaggcgcgccttcaa,A/Lisboa/216/2023_H3N2
gccgctgcggcgtgtg,A/Norway/12374/2023_H3N2
gtcgcatcctggaatg,A/Norway/12374/2023_H3N2
acggggattggctgtt,A/France/IDF-IPP29542/2023_H3N2
gaaagccccgtgcaat,A/France/IDF-IPP29542/2023_H3N2
tacctgctgcggaacg,A/Netherlands/10563/2023_H3N2
tgatcttttacattta,A/Netherlands/10563/2023_H3N2
aatgaaacaatcgaac,A/Slovenia/49/2024_H3N2
aatcgctggcacccgt,A/Slovenia/49/2024_H3N2
aggagtatgaagagcg,A/Switzerland/47775/2024_H3N2
cagaacctcgttgtct,A/Switzerland/47775/2024_H3N2
cccgggaccaaaactg,A/Florida/ISC-1241/2025_H3N2
ttggggaacgggaagc,A/Florida/ISC-1241/2025_H3N2
acaatctgaaccatac,A/Massachusetts/BI_MGH-23147/2025_H3N2
cgggaacatacataac,A/Massachusetts/BI_MGH-23147/2025_H3N2
gtccgtcagcataaac,A/Michigan/UM-10062100736/2025_H3N2
accagcaatgagttgt,A/Michigan/UM-10062100736/2025_H3N2
caaaatctacggcgac,A/France/BRE-IPP01880/2025_H3N2
cgcactttacgagaca,A/France/BRE-IPP01880/2025_H3N2
tttcgtgatactcaca,A/DE/DE-DHSS-901/2025_(H3N2)_H3N2
tggtccgcttcatgct,A/DE/DE-DHSS-901/2025_(H3N2)_H3N2
gcaaacagtgtagttg,A/France/ARA-RELAB-HCL025017178801/2025_H3N2
ctcaatgtcgtaggat,A/France/ARA-RELAB-HCL025017178801/2025_H3N2
tcatgggtgtacgaga,A/Michigan/UM-10062069629/2025_H3N2
ctgaacttatctgtgg,A/Michigan/UM-10062069629/2025_H3N2
tttatatccaacacca,A/Mato_Grosso_do_Sul/518/2025_H3N2
gccatttactgaaggg,A/Mato_Grosso_do_Sul/518/2025_H3N2
gcctttgcgcgcagtc,A/Badajoz/18680568/2025_H3N2
tttcacagaacctatc,A/Badajoz/18680568/2025_H3N2
agttggggtctccctt,A/Amapa/021563-IEC/2024_H3N2
ttgtatcagtcgcgcc,A/Amapa/021563-IEC/2024_H3N2
cgaaccgcagacacgt,A/New_York/39/2025_H3N2
gatcgccatcgacttc,A/New_York/39/2025_H3N2
gccagctcgtatccct,A/New_York/GKISBBBE61555/2025_H3N2
aacagaagtccatgta,A/New_York/GKISBBBE61555/2025_H3N2
gaagtgctgctgaagt,A/Croatia/10136RV/2023_H3N2
gtcgccgctaatccga,A/Croatia/10136RV/2023_H3N2
ACCCCCGGAGCTTGGC,A/Lisboa/188/2023_H1N1
AGCTCCTGGGGTATCA,A/Lisboa/188/2023_H1N1
